phone,start,end,rate
89593223608,2001-04-29 22:14:58.000000,2001-04-29 22:23:30.034107,4.0
89593223608,2001-05-20 15:33:03.000000,2001-05-20 15:40:39.277938,
89593223608,2001-06-05 09:56:23.000000,2001-06-05 10:05:06.776958,
89593223608,2001-06-05 15:44:12.000000,2001-06-05 15:53:13.249899,3.0
89593223608,2001-06-22 13:18:42.000000,2001-06-22 13:27:17.081597,3.0
89593223608,2001-07-06 21:45:45.000000,2001-07-06 21:56:34.477530,2.0
89593223608,2001-07-18 12:36:05.000000,2001-07-18 12:45:50.824017,
89593223608,2001-08-01 18:59:24.000000,2001-08-01 19:08:45.908468,
89593223608,2001-08-23 14:58:22.000000,2001-08-23 15:08:33.624677,
89299893501,2001-09-01 02:22:00.000000,2001-09-01 02:32:50.766183,
89299893501,2001-09-01 20:56:26.000000,2001-09-01 21:07:08.842719,
89593223608,2001-09-08 02:30:12.000000,2001-09-08 02:40:37.097833,5.0
89299893501,2001-09-18 12:49:18.000000,2001-09-18 12:59:06.355204,3.0
89299893501,2001-09-23 12:50:45.000000,2001-09-23 13:01:19.955283,
89299893501,2001-10-07 17:47:47.000000,2001-10-07 17:56:25.933579,
89593223608,2001-10-07 18:52:32.000000,2001-10-07 19:02:53.919181,
89299893501,2001-10-24 18:03:52.000000,2001-10-24 18:14:02.370485,
89299893501,2001-10-30 05:34:18.000000,2001-10-30 05:44:03.746544,
89593223608,2001-11-05 05:21:35.000000,2001-11-05 05:30:15.517475,
89593223608,2001-11-07 06:48:30.000000,2001-11-07 06:56:26.457987,
89851117926,2001-11-16 00:01:52.000000,2001-11-16 00:12:41.310808,
89593223608,2001-11-21 07:28:45.000000,2001-11-21 07:37:49.553103,
89299893501,2001-11-25 12:50:02.000000,2001-11-25 13:01:20.205664,
89851117926,2001-11-29 13:23:14.000000,2001-11-29 13:33:02.344783,
89593223608,2001-12-02 16:15:01.000000,2001-12-02 16:24:09.171251,
89370396075,2001-12-08 17:02:23.000000,2001-12-08 17:07:56.257246,
89851117926,2001-12-11 13:46:54.000000,2001-12-11 13:56:53.921000,
89299893501,2001-12-11 16:04:56.000000,2001-12-11 16:13:56.169080,3.0
89851117926,2001-12-17 13:43:55.000000,2001-12-17 13:54:00.384716,
89851117926,2001-12-21 09:54:45.000000,2001-12-21 10:05:28.629821,
89370396075,2001-12-24 21:59:57.000000,2001-12-24 22:04:11.558153,
89370396075,2001-12-27 09:45:32.000000,2001-12-27 09:51:42.779850,
89700845010,2001-12-27 10:23:34.000000,2001-12-27 10:31:46.250051,4.0
89299893501,2001-12-29 03:04:43.000000,2001-12-29 03:15:49.803580,3.0
89299893501,2002-01-02 14:29:01.000000,2002-01-02 14:39:39.904727,
89299893501,2002-01-13 06:00:39.000000,2002-01-13 06:10:10.571053,3.0
89851117926,2002-01-13 12:56:08.000000,2002-01-13 13:06:01.036447,
89299893501,2002-01-14 11:53:57.000000,2002-01-14 12:03:24.087758,
89370396075,2002-01-17 16:30:20.000000,2002-01-17 16:36:30.750004,
89700845010,2002-01-19 18:13:08.000000,2002-01-19 18:20:15.348902,
89299893501,2002-01-29 19:22:40.000000,2002-01-29 19:32:12.506978,
89299893501,2002-01-31 14:26:23.000000,2002-01-31 14:36:45.549530,4.0
89370396075,2002-02-02 18:55:13.000000,2002-02-02 19:00:22.658093,5.0
89851117926,2002-02-07 03:41:00.000000,2002-02-07 03:50:48.127481,
89299893501,2002-02-07 12:47:07.000000,2002-02-07 12:57:47.182725,3.0
89700845010,2002-02-17 10:44:14.000000,2002-02-17 10:51:15.273329,3.0
89700845010,2002-02-18 07:14:22.000000,2002-02-18 07:22:58.603223,
89370396075,2002-02-23 07:49:07.000000,2002-02-23 07:53:46.155576,
89851117926,2002-03-06 05:08:16.000000,2002-03-06 05:17:53.959976,3.0
89299893501,2002-03-06 06:07:27.000000,2002-03-06 06:18:17.040811,
89851117926,2002-03-13 19:43:02.000000,2002-03-13 19:53:42.842297,
89370396075,2002-03-18 02:20:27.000000,2002-03-18 02:27:38.141864,4.0
89299893501,2002-03-21 11:10:44.000000,2002-03-21 11:21:32.286353,2.0
89851117926,2002-03-23 23:18:54.000000,2002-03-23 23:27:53.706998,
89851117926,2002-04-10 02:23:44.000000,2002-04-10 02:33:29.587253,
89370396075,2002-04-11 16:57:38.000000,2002-04-11 17:03:32.169282,
89299893501,2002-04-15 01:22:36.000000,2002-04-15 01:34:14.618947,
89299893501,2002-04-19 20:31:50.000000,2002-04-19 20:42:09.848474,
89370396075,2002-04-21 17:22:10.000000,2002-04-21 17:28:14.294378,4.0
89370396075,2002-04-24 11:32:03.000000,2002-04-24 11:36:50.526053,
89851117926,2002-05-02 10:33:56.000000,2002-05-02 10:44:06.651304,
89294120029,2002-05-08 02:37:18.000000,2002-05-08 02:50:41.550663,
89370396075,2002-05-11 21:33:31.000000,2002-05-11 21:37:58.807390,
89294120029,2002-05-19 11:27:59.000000,2002-05-19 11:41:30.915072,
89851117926,2002-05-25 09:26:37.000000,2002-05-25 09:36:56.348793,
89851117926,2002-05-28 18:26:08.000000,2002-05-28 18:37:32.853143,
89709437736,2002-06-01 11:35:17.000000,2002-06-01 11:46:41.618357,
89370396075,2002-06-10 12:47:41.000000,2002-06-10 12:50:30.674805,
89294120029,2002-06-11 09:48:05.000000,2002-06-11 10:01:47.592595,
89294120029,2002-06-12 16:16:43.000000,2002-06-12 16:30:07.318487,
89294120029,2002-06-17 22:33:24.000000,2002-06-17 22:46:02.904210,
89709437736,2002-06-23 01:23:33.000000,2002-06-23 01:34:57.500531,
89709437736,2002-06-24 13:05:16.000000,2002-06-24 13:18:02.732209,
89294120029,2002-07-07 06:40:02.000000,2002-07-07 06:55:20.733488,
89370396075,2002-07-08 04:57:23.000000,2002-07-08 05:04:29.004705,3.0
89294120029,2002-07-14 15:28:00.000000,2002-07-14 15:42:37.710450,
89709437736,2002-07-17 02:14:45.000000,2002-07-17 02:26:01.323276,5.0
89294120029,2002-07-20 04:10:41.000000,2002-07-20 04:24:30.421703,
89294120029,2002-07-24 08:10:21.000000,2002-07-24 08:23:36.138042,
89243457037,2002-07-26 06:26:17.000000,2002-07-26 06:30:52.907896,
89174365379,2002-07-29 22:19:10.000000,2002-07-29 22:32:09.486866,
89370396075,2002-07-31 02:36:02.000000,2002-07-31 02:41:35.940503,
89174365379,2002-08-04 15:23:51.000000,2002-08-04 15:37:29.552842,
89709437736,2002-08-07 14:58:24.000000,2002-08-07 15:10:25.719807,
89243457037,2002-08-07 19:56:04.000000,2002-08-07 19:59:47.367390,4.0
89174365379,2002-08-20 04:00:40.000000,2002-08-20 04:13:27.584347,
89709437736,2002-08-25 11:04:31.000000,2002-08-25 11:15:26.577567,
89243457037,2002-08-26 06:54:30.000000,2002-08-26 06:59:49.516068,
89243457037,2002-09-04 00:56:39.000000,2002-09-04 01:00:03.503917,
89174365379,2002-09-04 17:15:48.000000,2002-09-04 17:29:06.055936,
89174365379,2002-09-05 07:01:06.000000,2002-09-05 07:12:51.075462,4.0
89243457037,2002-09-10 05:53:01.000000,2002-09-10 05:56:54.507902,
89709437736,2002-09-10 16:24:49.000000,2002-09-10 16:35:42.867541,
89174365379,2002-09-23 08:13:53.000000,2002-09-23 08:27:12.449421,
89709437736,2002-09-29 17:01:41.000000,2002-09-29 17:14:20.713947,
89174365379,2002-10-19 02:55:25.000000,2002-10-19 03:07:37.081879,
89174365379,2002-11-08 23:24:46.000000,2002-11-08 23:36:19.044907,5.0
89174365379,2002-11-14 20:09:08.000000,2002-11-14 20:21:44.053628,
89174365379,2002-12-07 10:24:28.000000,2002-12-07 10:36:19.872973,
89174365379,2003-01-04 23:09:46.000000,2003-01-04 23:22:56.980879,
89269062081,2003-01-09 09:30:15.000000,2003-01-09 09:40:44.577922,
89174365379,2003-01-14 04:57:06.000000,2003-01-14 05:10:40.132681,1.0
89269062081,2003-01-28 02:32:41.000000,2003-01-28 02:43:17.733546,
89269062081,2003-02-12 14:36:13.000000,2003-02-12 14:46:00.088339,
89610472118,2003-03-12 05:53:58.000000,2003-03-12 06:02:44.027988,3.0
89269062081,2003-03-12 18:59:30.000000,2003-03-12 19:09:36.476101,
89610472118,2003-03-20 00:46:05.000000,2003-03-20 00:54:12.691336,
89269062081,2003-03-23 14:03:42.000000,2003-03-23 14:14:23.455909,3.0
89269062081,2003-03-30 14:52:54.000000,2003-03-30 15:03:46.532041,3.0
89610472118,2003-04-09 20:26:38.000000,2003-04-09 20:33:26.615652,3.0
89269062081,2003-04-11 21:12:44.000000,2003-04-11 21:23:58.155062,3.0
89269062081,2003-04-16 00:40:52.000000,2003-04-16 00:50:53.976834,
89610472118,2003-04-18 06:00:37.000000,2003-04-18 06:08:32.717160,3.0
89172164122,2003-04-26 21:00:39.000000,2003-04-26 21:11:56.297472,
89269062081,2003-05-09 20:29:41.000000,2003-05-09 20:41:07.217603,3.0
89172164122,2003-05-15 19:50:36.000000,2003-05-15 20:00:14.664432,
89676979799,2003-05-17 23:07:54.000000,2003-05-17 23:16:22.190902,
89676979799,2003-05-19 11:07:12.000000,2003-05-19 11:17:08.556887,
89269062081,2003-05-29 20:19:19.000000,2003-05-29 20:29:50.130489,
89676979799,2003-06-03 21:00:53.000000,2003-06-03 21:09:47.893666,
89676979799,2003-06-05 23:07:26.000000,2003-06-05 23:16:10.485724,
89172164122,2003-06-12 19:55:00.000000,2003-06-12 20:04:53.961755,
89676979799,2003-06-22 13:47:34.000000,2003-06-22 13:56:42.044771,
89269062081,2003-06-25 01:27:22.000000,2003-06-25 01:38:35.543141,
89172164122,2003-07-05 11:14:58.000000,2003-07-05 11:26:05.269699,
89269062081,2003-07-15 14:23:56.000000,2003-07-15 14:36:15.717239,
89676979799,2003-07-19 21:43:50.000000,2003-07-19 21:52:28.355998,
89172164122,2003-07-25 03:22:11.000000,2003-07-25 03:32:56.691261,
89676979799,2003-07-31 03:57:50.000000,2003-07-31 04:06:41.046798,
89676979799,2003-08-06 14:15:54.000000,2003-08-06 14:25:21.589685,2.0
89764257844,2003-08-10 21:30:18.000000,2003-08-10 21:38:54.814048,
89172164122,2003-08-14 22:57:02.000000,2003-08-14 23:06:53.054545,
89764257844,2003-08-18 15:00:05.000000,2003-08-18 15:08:55.619479,3.0
89764257844,2003-08-20 16:07:14.000000,2003-08-20 16:16:52.366584,
89764257844,2003-08-25 17:00:42.000000,2003-08-25 17:07:23.630804,2.0
89676979799,2003-08-31 02:54:31.000000,2003-08-31 03:03:54.789549,
89764257844,2003-09-16 09:01:01.000000,2003-09-16 09:09:39.679137,4.0
89676979799,2003-09-30 02:14:53.000000,2003-09-30 02:24:56.252967,
89764257844,2003-10-14 21:21:51.000000,2003-10-14 21:30:40.237162,2.0
89764257844,2003-10-22 14:21:05.000000,2003-10-22 14:31:41.728933,
89652120802,2003-10-22 20:06:59.000000,2003-10-22 20:18:52.435864,
89676979799,2003-10-23 02:44:52.000000,2003-10-23 02:53:58.150812,
89676979799,2003-10-24 17:47:41.000000,2003-10-24 17:56:10.881715,
89676979799,2003-11-14 19:40:59.000000,2003-11-14 19:50:49.050832,
89652120802,2003-11-18 11:12:56.000000,2003-11-18 11:23:05.704081,
89764257844,2003-11-19 02:19:17.000000,2003-11-19 02:28:28.665085,
89764257844,2003-11-24 14:55:25.000000,2003-11-24 15:03:31.647506,3.0
89676979799,2003-11-24 22:44:08.000000,2003-11-24 22:53:49.297406,
89764257844,2003-12-02 03:12:21.000000,2003-12-02 03:20:12.285789,
89652120802,2003-12-09 01:17:35.000000,2003-12-09 01:28:32.337820,
89676979799,2003-12-16 02:20:23.000000,2003-12-16 02:29:37.740732,2.0
89764257844,2003-12-28 18:23:16.000000,2003-12-28 18:30:59.454968,
89676979799,2003-12-29 08:25:41.000000,2003-12-29 08:35:52.114830,3.0
89652120802,2004-01-02 01:15:56.000000,2004-01-02 01:28:14.892492,
89676979799,2004-01-05 00:24:44.000000,2004-01-05 00:33:23.574667,1.0
89652120802,2004-01-08 02:05:01.000000,2004-01-08 02:15:20.251653,3.0
89764257844,2004-01-09 03:13:43.000000,2004-01-09 03:22:34.527652,
89652120802,2004-01-18 20:48:08.000000,2004-01-18 21:00:27.485974,
89652120802,2004-01-20 23:10:28.000000,2004-01-20 23:22:53.841639,5.0
89676979799,2004-01-21 11:33:07.000000,2004-01-21 11:44:06.212869,
89652120802,2004-01-27 08:24:11.000000,2004-01-27 08:35:52.428691,
89676979799,2004-01-28 08:10:20.000000,2004-01-28 08:20:28.240741,2.0
89576221549,2004-02-08 00:52:59.000000,2004-02-08 01:04:38.874285,
89676979799,2004-02-20 05:07:07.000000,2004-02-20 05:17:30.253093,
89576221549,2004-02-22 16:28:19.000000,2004-02-22 16:37:14.747437,
89652120802,2004-02-24 15:44:36.000000,2004-02-24 15:55:31.066367,
89652120802,2004-03-17 17:24:03.000000,2004-03-17 17:34:30.778263,
89576221549,2004-03-20 21:12:34.000000,2004-03-20 21:23:41.828715,4.0
89652120802,2004-04-07 08:39:02.000000,2004-04-07 08:49:16.504078,
89576221549,2004-04-11 07:53:58.000000,2004-04-11 08:03:30.945208,
89946027051,2004-04-16 10:31:49.000000,2004-04-16 10:42:06.150016,
89652120802,2004-04-24 16:03:20.000000,2004-04-24 16:15:27.766601,1.0
89652120802,2004-05-03 07:54:38.000000,2004-05-03 08:05:17.015412,
89946027051,2004-05-04 19:09:08.000000,2004-05-04 19:19:02.437164,5.0
89576221549,2004-05-09 23:13:13.000000,2004-05-09 23:24:08.226781,
89946027051,2004-05-13 19:38:58.000000,2004-05-13 19:49:23.129587,
89576221549,2004-05-19 06:50:09.000000,2004-05-19 07:00:23.183634,
89002278947,2004-05-21 21:01:26.000000,2004-05-21 21:14:11.855082,
89652120802,2004-05-22 07:31:45.000000,2004-05-22 07:43:40.944528,1.0
89002278947,2004-05-25 15:22:03.000000,2004-05-25 15:35:13.171020,
89652120802,2004-05-27 22:29:17.000000,2004-05-27 22:39:06.819841,
89576221549,2004-05-30 19:25:44.000000,2004-05-30 19:36:53.981061,1.0
89946027051,2004-06-07 12:13:43.000000,2004-06-07 12:24:27.336617,
89002278947,2004-06-20 05:47:54.000000,2004-06-20 06:01:22.465877,
89652120802,2004-06-22 07:25:52.000000,2004-06-22 07:36:58.795197,
89576221549,2004-06-27 05:06:54.000000,2004-06-27 05:18:17.865616,
89946027051,2004-06-27 14:45:08.000000,2004-06-27 14:54:55.710419,
89002278947,2004-07-06 08:10:41.000000,2004-07-06 08:23:19.284024,2.0
89652120802,2004-07-06 11:25:33.000000,2004-07-06 11:37:06.965675,
89652120802,2004-07-07 11:28:42.000000,2004-07-07 11:39:27.146236,4.0
89002278947,2004-07-07 18:42:00.000000,2004-07-07 18:53:28.661917,
89946027051,2004-07-16 15:39:42.000000,2004-07-16 15:50:07.210702,
89576221549,2004-07-20 15:58:07.000000,2004-07-20 16:09:30.365518,
89576221549,2004-07-23 22:41:42.000000,2004-07-23 22:52:23.065977,3.0
89002278947,2004-07-27 14:16:23.000000,2004-07-27 14:30:26.209137,
89421639338,2004-07-28 16:09:31.000000,2004-07-28 16:20:39.894735,
89946027051,2004-08-02 02:21:50.000000,2004-08-02 02:33:01.877550,
89576221549,2004-08-11 10:35:56.000000,2004-08-11 10:46:30.458135,
89421639338,2004-08-21 04:00:42.000000,2004-08-21 04:12:52.874515,4.0
89576221549,2004-08-25 10:03:16.000000,2004-08-25 10:14:02.176063,2.0
89946027051,2004-08-26 19:18:28.000000,2004-08-26 19:27:58.085864,
89421639338,2004-08-29 08:25:16.000000,2004-08-29 08:37:43.983761,4.0
89576221549,2004-09-10 22:44:33.000000,2004-09-10 22:56:01.950984,
89946027051,2004-09-14 21:43:49.000000,2004-09-14 21:54:22.628867,
89946027051,2004-09-22 06:10:43.000000,2004-09-22 06:23:13.807327,3.0
89421639338,2004-09-28 00:19:56.000000,2004-09-28 00:31:19.840056,4.0
89946027051,2004-10-21 02:19:37.000000,2004-10-21 02:28:53.167860,
89421639338,2004-10-22 19:48:59.000000,2004-10-22 20:01:15.623555,2.0
89421639338,2004-11-06 06:52:07.000000,2004-11-06 07:05:41.982546,3.0
89946027051,2004-11-06 09:02:14.000000,2004-11-06 09:11:57.546233,
89946027051,2004-11-09 05:42:57.000000,2004-11-09 05:53:20.123659,
89421639338,2004-11-22 07:37:26.000000,2004-11-22 07:48:36.980353,4.0
89946027051,2004-11-29 10:49:33.000000,2004-11-29 10:59:35.897284,
89421639338,2004-11-29 12:00:54.000000,2004-11-29 12:14:15.192074,
89946027051,2004-12-16 11:10:13.000000,2004-12-16 11:21:06.787226,
89348144785,2004-12-23 06:21:55.000000,2004-12-23 06:31:41.425129,
89421639338,2004-12-28 23:37:53.000000,2004-12-28 23:50:30.791112,
89946027051,2005-01-02 00:21:43.000000,2005-01-02 00:30:19.144255,
89348144785,2005-01-21 15:42:43.000000,2005-01-21 15:54:18.077314,1.0
89348144785,2005-01-22 09:35:05.000000,2005-01-22 09:45:44.769923,
89348144785,2005-01-24 15:23:03.000000,2005-01-24 15:33:57.508067,4.0
89421639338,2005-01-25 07:19:22.000000,2005-01-25 07:32:01.337615,
89421639338,2005-02-17 23:08:05.000000,2005-02-17 23:20:25.749433,
89348144785,2005-02-18 09:24:17.000000,2005-02-18 09:36:28.713695,4.0
89421639338,2005-02-22 23:11:46.000000,2005-02-22 23:25:24.175257,
89421639338,2005-02-28 14:07:39.000000,2005-02-28 14:19:47.716910,
89348144785,2005-03-06 05:54:59.000000,2005-03-06 06:07:11.946095,3.0
89382844962,2005-03-14 12:27:17.000000,2005-03-14 12:36:30.250107,3.0
89382844962,2005-03-14 15:49:49.000000,2005-03-14 15:58:07.350843,2.0
89348144785,2005-03-15 11:29:49.000000,2005-03-15 11:40:52.724139,4.0
89421639338,2005-03-20 16:09:11.000000,2005-03-20 16:23:04.560307,
89382844962,2005-03-30 23:43:13.000000,2005-03-30 23:51:04.037798,
89421639338,2005-04-01 00:38:31.000000,2005-04-01 00:50:18.974331,
89421639338,2005-04-03 10:37:26.000000,2005-04-03 10:50:54.722823,
89348144785,2005-04-10 02:51:58.000000,2005-04-10 03:04:48.136189,
89382844962,2005-04-14 03:02:02.000000,2005-04-14 03:09:28.113930,
89382844962,2005-05-02 19:51:11.000000,2005-05-02 20:00:13.842521,
89418833023,2005-05-06 18:33:20.000000,2005-05-06 18:50:22.843121,2.0
89348144785,2005-05-09 00:23:25.000000,2005-05-09 00:33:28.941412,
89348144785,2005-05-13 08:20:16.000000,2005-05-13 08:31:31.412498,3.0
89348144785,2005-05-13 11:32:07.000000,2005-05-13 11:42:34.212710,
89418833023,2005-05-21 08:11:37.000000,2005-05-21 08:28:40.912437,
89973273341,2005-05-23 16:35:49.000000,2005-05-23 16:48:39.368484,
89382844962,2005-05-25 01:02:38.000000,2005-05-25 01:12:55.287116,
89645011365,2005-05-27 17:27:08.000000,2005-05-27 17:34:48.881400,5.0
89348144785,2005-05-28 20:23:51.000000,2005-05-28 20:34:29.291857,
89418833023,2005-06-05 13:36:39.000000,2005-06-05 13:54:45.157783,5.0
89382844962,2005-06-08 06:18:30.000000,2005-06-08 06:26:38.508409,3.0
89418833023,2005-06-10 14:08:57.000000,2005-06-10 14:25:33.937523,
89348144785,2005-06-11 20:50:45.000000,2005-06-11 21:01:01.043802,
89973273341,2005-06-13 01:02:20.000000,2005-06-13 01:14:36.693419,3.0
89645011365,2005-06-16 04:06:14.000000,2005-06-16 04:16:57.546764,3.0
89361980263,2005-06-27 01:21:26.000000,2005-06-27 01:37:54.022127,
89645011365,2005-06-27 18:26:13.000000,2005-06-27 18:34:50.635840,
89973273341,2005-06-29 08:28:04.000000,2005-06-29 08:43:12.363769,
89382844962,2005-07-02 16:03:37.000000,2005-07-02 16:14:31.002031,
89348144785,2005-07-10 04:38:33.000000,2005-07-10 04:49:22.137498,
89348144785,2005-07-16 11:01:08.000000,2005-07-16 11:11:58.680745,
89361980263,2005-07-18 10:20:34.000000,2005-07-18 10:38:21.042825,
89645011365,2005-07-22 14:03:42.000000,2005-07-22 14:12:41.913731,
89382844962,2005-07-25 01:35:35.000000,2005-07-25 01:45:18.577037,4.0
89361980263,2005-07-25 03:23:54.000000,2005-07-25 03:40:28.424522,3.0
89973273341,2005-07-26 20:46:34.000000,2005-07-26 21:00:13.472904,
89348144785,2005-07-28 02:52:11.000000,2005-07-28 03:02:55.593851,
89361980263,2005-08-07 22:46:21.000000,2005-08-07 23:03:20.643333,
89382844962,2005-08-10 19:06:15.000000,2005-08-10 19:16:21.456702,5.0
89361980263,2005-08-12 12:37:11.000000,2005-08-12 12:54:15.282364,
89382844962,2005-08-21 10:09:36.000000,2005-08-21 10:19:37.949215,
89348144785,2005-08-23 01:43:41.000000,2005-08-23 01:55:44.522410,2.0
89973273341,2005-08-23 12:09:49.000000,2005-08-23 12:22:33.316745,4.0
89973273341,2005-09-03 05:23:59.000000,2005-09-03 05:36:30.678417,
89382844962,2005-09-17 03:26:54.000000,2005-09-17 03:35:02.910537,
89973273341,2005-09-17 13:05:57.000000,2005-09-17 13:18:28.266554,
89380730272,2005-10-04 08:06:07.000000,2005-10-04 08:19:48.354469,3.0
89382844962,2005-10-10 10:14:55.000000,2005-10-10 10:23:19.789727,3.0
89973273341,2005-10-11 16:00:31.000000,2005-10-11 16:14:01.893594,3.0
89380730272,2005-10-26 15:00:09.000000,2005-10-26 15:12:41.929846,3.0
89380730272,2005-10-30 06:02:06.000000,2005-10-30 06:14:12.023402,3.0
89380730272,2005-10-31 02:45:18.000000,2005-10-31 02:58:53.831574,
89973273341,2005-10-31 07:14:13.000000,2005-10-31 07:27:44.996052,
89380730272,2005-11-01 23:04:52.000000,2005-11-01 23:20:12.932532,2.0
89380730272,2005-11-03 16:48:23.000000,2005-11-03 17:03:01.217527,
89382844962,2005-11-04 05:16:29.000000,2005-11-04 05:23:28.159985,
89973273341,2005-11-05 06:10:04.000000,2005-11-05 06:22:23.696250,
89382844962,2005-11-06 01:26:53.000000,2005-11-06 01:35:40.813396,
89973273341,2005-11-14 16:45:04.000000,2005-11-14 16:58:30.794272,
89380730272,2005-11-15 20:26:11.000000,2005-11-15 20:39:50.980574,
89991169766,2005-11-16 08:19:02.000000,2005-11-16 08:27:00.909000,
89380730272,2005-11-17 16:01:12.000000,2005-11-17 16:14:10.611394,5.0
89991169766,2005-11-18 05:11:37.000000,2005-11-18 05:20:37.908730,3.0
89380730272,2005-11-21 06:48:26.000000,2005-11-21 07:01:58.621787,
89382844962,2005-11-26 21:34:21.000000,2005-11-26 21:43:20.990376,2.0
89382844962,2005-11-27 12:33:14.000000,2005-11-27 12:43:58.131457,
89973273341,2005-12-07 12:44:33.000000,2005-12-07 12:58:22.873534,
89382844962,2005-12-12 07:20:26.000000,2005-12-12 07:28:55.017644,3.0
89380730272,2005-12-13 10:27:55.000000,2005-12-13 10:42:05.058286,
89991169766,2005-12-15 17:42:21.000000,2005-12-15 17:51:21.388094,
89973273341,2005-12-17 07:09:13.000000,2005-12-17 07:21:35.190661,
89380730272,2005-12-24 12:29:31.000000,2005-12-24 12:41:56.869555,5.0
89512461377,2005-12-29 13:47:18.000000,2005-12-29 13:52:35.160048,
89991169766,2006-01-01 21:21:21.000000,2006-01-01 21:29:30.215085,
89020905812,2006-01-02 04:17:37.000000,2006-01-02 04:23:56.507999,
89512461377,2006-01-08 11:45:50.000000,2006-01-08 11:51:47.931401,
89020905812,2006-01-12 05:39:40.000000,2006-01-12 05:46:24.631136,3.0
89645023379,2006-01-17 12:48:30.000000,2006-01-17 12:58:24.675074,
89380730272,2006-01-19 04:44:14.000000,2006-01-19 04:57:19.933066,
89020905812,2006-01-30 04:50:43.000000,2006-01-30 04:56:50.438096,4.0
89020905812,2006-02-02 11:03:57.000000,2006-02-02 11:10:40.111758,
89645023379,2006-02-04 08:16:42.000000,2006-02-04 08:25:17.976859,3.0
89512461377,2006-02-04 21:27:07.000000,2006-02-04 21:30:56.648599,
89512461377,2006-02-07 23:48:24.000000,2006-02-07 23:54:42.078705,
89380730272,2006-02-12 05:09:34.000000,2006-02-12 05:24:02.456188,
89512461377,2006-02-14 17:41:21.000000,2006-02-14 17:46:25.561880,2.0
89645023379,2006-02-19 13:15:07.000000,2006-02-19 13:26:26.357397,
89020905812,2006-02-19 16:57:41.000000,2006-02-19 17:04:04.183915,1.0
89919617883,2006-02-24 01:43:50.000000,2006-02-24 01:47:02.294272,2.0
89380730272,2006-03-04 05:03:01.000000,2006-03-04 05:15:44.402458,
89919617883,2006-03-05 07:28:35.000000,2006-03-05 07:31:45.314551,
89645023379,2006-03-10 09:41:20.000000,2006-03-10 09:50:06.168018,
89919617883,2006-03-12 16:53:07.000000,2006-03-12 16:57:26.070703,3.0
89380730272,2006-03-13 10:16:46.000000,2006-03-13 10:29:09.202548,
89512461377,2006-03-15 21:53:11.000000,2006-03-15 21:58:33.177351,
89020905812,2006-03-15 23:43:17.000000,2006-03-15 23:49:44.354165,
89512461377,2006-04-04 03:37:41.000000,2006-04-04 03:44:28.045174,5.0
89919617883,2006-04-04 03:58:00.000000,2006-04-04 04:02:20.271130,4.0
89572926357,2006-04-05 22:48:26.000000,2006-04-05 23:01:54.322325,
89645023379,2006-04-08 16:00:33.000000,2006-04-08 16:11:21.027343,
89380730272,2006-04-09 06:59:03.000000,2006-04-09 07:12:10.849696,
89380730272,2006-04-13 22:55:49.000000,2006-04-13 23:09:35.906223,
89919617883,2006-04-26 01:50:21.000000,2006-04-26 01:53:16.003559,5.0
89380730272,2006-04-26 12:07:11.000000,2006-04-26 12:20:22.879639,
89512461377,2006-04-27 20:43:49.000000,2006-04-27 20:47:53.980165,5.0
89595255780,2006-05-02 07:47:37.000000,2006-05-02 08:00:17.349590,3.0
89645023379,2006-05-07 05:29:59.000000,2006-05-07 05:40:35.361012,3.0
89380730272,2006-05-08 04:46:16.000000,2006-05-08 05:00:35.876950,
89595255780,2006-05-08 19:50:11.000000,2006-05-08 20:01:42.056031,
89919617883,2006-05-10 02:18:41.000000,2006-05-10 02:21:14.374264,
89512461377,2006-05-10 12:53:34.000000,2006-05-10 12:59:39.024501,4.0
89512461377,2006-05-10 20:56:24.000000,2006-05-10 21:00:57.713649,4.0
89512461377,2006-05-11 09:45:56.000000,2006-05-11 09:52:00.437988,
89595255780,2006-05-21 11:53:32.000000,2006-05-21 12:06:04.999741,5.0
89512461377,2006-05-27 07:02:34.000000,2006-05-27 07:07:07.242633,
89595255780,2006-05-31 18:26:16.000000,2006-05-31 18:36:46.162263,
89645023379,2006-06-03 11:47:12.000000,2006-06-03 11:56:36.347382,
89919617883,2006-06-05 21:26:34.000000,2006-06-05 21:30:02.630931,3.0
89645023379,2006-06-08 19:26:11.000000,2006-06-08 19:36:38.620468,3.0
89512461377,2006-06-08 22:54:58.000000,2006-06-08 23:01:11.941473,3.0
89246128904,2006-06-12 13:38:58.000000,2006-06-12 13:44:37.162355,
89595255780,2006-06-16 02:20:03.000000,2006-06-16 02:31:45.478942,
89512461377,2006-06-18 05:46:02.000000,2006-06-18 05:51:51.451131,4.0
89645023379,2006-06-21 15:05:41.000000,2006-06-21 15:16:13.742129,3.0
89246128904,2006-06-22 09:54:54.000000,2006-06-22 09:59:01.660564,5.0
89246128904,2006-07-01 19:46:10.000000,2006-07-01 19:53:33.904947,1.0
89919617883,2006-07-04 02:48:29.000000,2006-07-04 02:50:36.204241,5.0
89595255780,2006-07-04 06:00:09.000000,2006-07-04 06:12:46.112869,
89645023379,2006-07-11 05:33:41.000000,2006-07-11 05:44:14.293199,3.0
89246128904,2006-07-12 06:12:02.000000,2006-07-12 06:17:40.966607,5.0
89246128904,2006-07-16 08:30:13.000000,2006-07-16 08:34:45.104111,
89645023379,2006-07-24 05:31:02.000000,2006-07-24 05:41:24.829899,4.0
89595255780,2006-07-27 19:53:13.000000,2006-07-27 20:07:19.947472,
89919617883,2006-08-02 13:53:33.000000,2006-08-02 13:56:14.213776,5.0
89645023379,2006-08-02 17:00:23.000000,2006-08-02 17:09:19.260722,
89807302821,2006-08-10 02:40:12.000000,2006-08-10 02:52:20.071636,
89645023379,2006-08-21 01:55:33.000000,2006-08-21 02:04:44.867466,
89807302821,2006-08-29 18:11:14.000000,2006-08-29 18:23:43.568507,
89807302821,2006-08-30 17:53:18.000000,2006-08-30 18:04:21.487198,
89184946325,2006-09-04 07:52:08.000000,2006-09-04 08:04:20.857002,
89807302821,2006-09-08 20:02:08.000000,2006-09-08 20:13:30.086305,
89645023379,2006-09-09 22:25:38.000000,2006-09-09 22:35:01.602195,
89184946325,2006-09-12 00:01:28.000000,2006-09-12 00:15:11.804932,4.0
89807302821,2006-09-12 04:30:25.000000,2006-09-12 04:42:52.620265,4.0
89184946325,2006-09-24 09:07:31.000000,2006-09-24 09:19:53.774593,4.0
89807302821,2006-09-27 20:56:34.000000,2006-09-27 21:07:32.426553,2.0
89616907616,2006-09-29 03:02:07.000000,2006-09-29 03:04:38.318341,
89645023379,2006-10-01 15:13:49.000000,2006-10-01 15:25:00.488982,
89645023379,2006-10-03 12:08:58.000000,2006-10-03 12:18:12.248996,
89184946325,2006-10-06 01:16:02.000000,2006-10-06 01:28:20.910157,2.0
89616907616,2006-10-08 03:33:44.000000,2006-10-08 03:36:06.942223,3.0
89184946325,2006-10-08 11:55:36.000000,2006-10-08 12:09:47.750830,
89807302821,2006-10-10 23:27:43.000000,2006-10-10 23:40:01.128865,
89070708106,2006-10-26 07:36:42.000000,2006-10-26 07:43:15.850475,2.0
89184946325,2006-10-29 05:24:50.000000,2006-10-29 05:37:09.364207,
89184946325,2006-10-30 14:02:34.000000,2006-10-30 14:15:08.316355,3.0
89616907616,2006-10-31 15:39:19.000000,2006-10-31 15:42:48.377645,
89645023379,2006-11-01 15:47:32.000000,2006-11-01 15:57:02.093164,3.0
89616907616,2006-11-03 14:39:05.000000,2006-11-03 14:39:58.025855,3.0
89645023379,2006-11-21 19:51:30.000000,2006-11-21 20:00:54.284067,
89616907616,2006-11-22 11:27:58.000000,2006-11-22 11:30:17.221236,5.0
89070708106,2006-11-24 13:39:32.000000,2006-11-24 13:47:43.867823,2.0
89070708106,2006-12-18 20:36:00.000000,2006-12-18 20:42:32.152548,
89616907616,2006-12-20 08:41:30.000000,2006-12-20 08:44:39.108572,4.0
89070708106,2007-01-04 17:44:57.000000,2007-01-04 17:52:16.267572,
89070708106,2007-01-05 00:56:29.000000,2007-01-05 01:03:58.352903,
89070708106,2007-01-07 07:18:35.000000,2007-01-07 07:25:17.747305,
89070708106,2007-01-08 04:52:51.000000,2007-01-08 05:00:43.296506,
89616907616,2007-01-14 11:29:49.000000,2007-01-14 11:32:44.190712,
89070708106,2007-01-27 07:03:08.000000,2007-01-27 07:10:07.632889,
89616907616,2007-01-31 23:07:07.000000,2007-01-31 23:11:45.402554,
89616907616,2007-02-04 22:10:25.000000,2007-02-04 22:13:16.227281,
89070708106,2007-02-07 05:01:26.000000,2007-02-07 05:09:06.560536,1.0
89616907616,2007-02-23 20:16:49.000000,2007-02-23 20:19:53.215512,4.0
89070708106,2007-03-03 07:19:52.000000,2007-03-03 07:28:22.169358,
89616907616,2007-03-14 11:57:07.000000,2007-03-14 12:00:33.081333,
89616907616,2007-03-17 10:24:46.000000,2007-03-17 10:26:30.851214,
89897355855,2007-03-19 23:07:56.000000,2007-03-19 23:24:05.292328,
89070708106,2007-03-27 12:55:56.000000,2007-03-27 13:03:58.884556,
89616907616,2007-04-09 12:07:40.000000,2007-04-09 12:09:39.029816,4.0
89070708106,2007-04-24 19:24:18.000000,2007-04-24 19:32:58.943691,
89616907616,2007-05-01 14:00:26.000000,2007-05-01 14:03:26.505051,4.0
89616907616,2007-05-06 09:30:47.000000,2007-05-06 09:34:34.845502,4.0
89070708106,2007-05-22 17:20:55.000000,2007-05-22 17:28:33.897375,
89070708106,2007-05-24 00:08:51.000000,2007-05-24 00:16:54.803955,4.0
89616907616,2007-05-31 21:52:29.000000,2007-05-31 21:55:31.005998,2.0
89616907616,2007-06-02 07:22:14.000000,2007-06-02 07:24:48.501272,
89616907616,2007-06-16 01:55:21.000000,2007-06-16 01:59:01.279669,5.0
89070708106,2007-06-20 13:07:54.000000,2007-06-20 13:14:48.213979,3.0
89070708106,2007-06-21 17:07:22.000000,2007-06-21 17:15:19.858060,4.0
89070708106,2007-06-27 07:53:40.000000,2007-06-27 08:01:36.047514,
89070708106,2007-07-22 15:47:02.000000,2007-07-22 15:53:51.850365,
89793318141,2007-08-03 08:38:34.000000,2007-08-03 08:45:24.019950,
89793318141,2007-08-11 11:49:41.000000,2007-08-11 11:57:51.303636,
89070708106,2007-08-14 14:25:10.000000,2007-08-14 14:33:42.530620,
89793318141,2007-08-16 23:40:08.000000,2007-08-16 23:48:34.112605,1.0
89070708106,2007-09-05 09:50:55.000000,2007-09-05 09:58:47.537490,
89793318141,2007-09-13 20:01:19.000000,2007-09-13 20:09:43.680332,
89284716885,2007-09-25 02:38:32.000000,2007-09-25 02:48:01.383954,
89793318141,2007-10-09 01:55:01.000000,2007-10-09 02:01:59.697515,4.0
89284716885,2007-10-23 13:37:11.000000,2007-10-23 13:47:14.429008,1.0
89793318141,2007-10-26 15:17:29.000000,2007-10-26 15:24:05.517571,
89793318141,2007-10-28 13:07:47.000000,2007-10-28 13:15:40.653459,
89292411214,2007-10-29 19:36:21.000000,2007-10-29 19:42:57.492122,4.0
89284716885,2007-11-02 04:25:38.000000,2007-11-02 04:34:53.853960,
89292411214,2007-11-04 08:40:11.000000,2007-11-04 08:47:24.711031,
89284716885,2007-11-14 21:37:45.000000,2007-11-14 21:47:51.163736,
89793318141,2007-11-14 23:31:11.000000,2007-11-14 23:38:49.311812,
89292411214,2007-11-23 09:55:20.000000,2007-11-23 10:04:31.080857,
89793318141,2007-11-25 03:25:15.000000,2007-11-25 03:33:05.118796,
89284716885,2007-11-27 01:52:27.000000,2007-11-27 02:02:45.870321,
89284716885,2007-12-03 13:08:33.000000,2007-12-03 13:19:53.316698,
89793318141,2007-12-10 21:57:41.000000,2007-12-10 22:04:22.425738,4.0
89292411214,2007-12-16 19:00:11.000000,2007-12-16 19:07:25.338548,
89793318141,2007-12-21 11:29:32.000000,2007-12-21 11:36:23.434037,
89284716885,2007-12-21 17:24:45.000000,2007-12-21 17:34:52.371086,
89284716885,2007-12-23 12:02:16.000000,2007-12-23 12:12:27.100644,
89284716885,2008-01-05 08:52:11.000000,2008-01-05 09:03:49.573834,4.0
89313738587,2008-01-06 20:52:04.000000,2008-01-06 21:00:14.295238,
89292411214,2008-01-09 03:56:14.000000,2008-01-09 04:00:54.003282,5.0
89284716885,2008-01-12 03:00:53.000000,2008-01-12 03:11:11.195967,3.0
89313738587,2008-01-12 06:22:08.000000,2008-01-12 06:30:11.546119,2.0
89313738587,2008-01-12 15:40:40.000000,2008-01-12 15:49:17.688225,3.0
89793318141,2008-01-12 22:42:27.000000,2008-01-12 22:49:08.494592,
89723742688,2008-01-14 20:05:28.000000,2008-01-14 20:13:50.281722,
89284716885,2008-01-15 02:25:19.000000,2008-01-15 02:36:41.663653,
89284716885,2008-01-16 19:37:07.000000,2008-01-16 19:47:47.768748,4.0
89313738587,2008-01-20 01:01:02.000000,2008-01-20 01:09:20.192669,
89284716885,2008-01-25 11:00:33.000000,2008-01-25 11:09:29.661452,
89793318141,2008-01-27 03:38:14.000000,2008-01-27 03:46:26.795447,3.0
89723742688,2008-01-28 02:48:50.000000,2008-01-28 02:58:15.115485,
89793318141,2008-01-28 14:44:23.000000,2008-01-28 14:50:15.298943,
89793318141,2008-01-29 12:52:43.000000,2008-01-29 12:59:04.638970,
89793318141,2008-01-30 17:43:37.000000,2008-01-30 17:49:04.644931,
89104145231,2008-02-06 15:07:26.000000,2008-02-06 15:15:32.214038,4.0
89292411214,2008-02-06 20:03:44.000000,2008-02-06 20:11:12.320183,3.0
89104145231,2008-02-13 11:50:38.000000,2008-02-13 11:58:47.012645,
89723742688,2008-02-19 06:48:11.000000,2008-02-19 06:56:24.436262,
89284716885,2008-02-20 20:58:07.000000,2008-02-20 21:08:21.700572,
89793318141,2008-02-22 04:32:35.000000,2008-02-22 04:40:06.371168,
89723742688,2008-02-25 16:02:42.000000,2008-02-25 16:10:58.495964,
89723742688,2008-02-29 12:13:19.000000,2008-02-29 12:23:26.430507,
89292411214,2008-03-02 01:18:57.000000,2008-03-02 01:25:31.669956,4.0
89104145231,2008-03-04 06:19:39.000000,2008-03-04 06:26:00.776898,3.0
89723742688,2008-03-06 10:50:02.000000,2008-03-06 11:01:05.141777,2.0
89723742688,2008-03-19 17:34:01.000000,2008-03-19 17:42:21.361258,
89104145231,2008-03-20 03:28:08.000000,2008-03-20 03:36:13.797501,3.0
89218485435,2008-03-21 03:28:47.000000,2008-03-21 03:42:36.650118,
89723742688,2008-03-21 15:11:37.000000,2008-03-21 15:19:58.052526,
89284716885,2008-03-21 19:09:07.000000,2008-03-21 19:20:32.279008,
89793318141,2008-03-22 12:13:17.000000,2008-03-22 12:18:41.023210,
89793318141,2008-03-24 23:41:07.000000,2008-03-24 23:48:15.068577,
89218485435,2008-03-27 20:54:13.000000,2008-03-27 21:07:37.230336,
89218485435,2008-04-02 05:33:41.000000,2008-04-02 05:46:31.670005,
89284716885,2008-04-04 07:47:13.000000,2008-04-04 07:57:01.110537,
89218485435,2008-04-06 07:09:11.000000,2008-04-06 07:22:50.026657,
89104145231,2008-04-16 09:34:41.000000,2008-04-16 09:39:59.129644,4.0
89284716885,2008-04-16 19:20:37.000000,2008-04-16 19:31:55.727083,3.0
89723742688,2008-04-20 13:12:26.000000,2008-04-20 13:22:23.363431,
89723742688,2008-04-28 11:44:23.000000,2008-04-28 11:54:33.946211,
89218485435,2008-04-30 15:18:57.000000,2008-04-30 15:32:23.205833,
89723742688,2008-05-01 00:06:50.000000,2008-05-01 00:17:13.943152,
89282693889,2008-05-01 01:34:48.000000,2008-05-01 01:45:56.779975,
89284716885,2008-05-05 14:20:06.000000,2008-05-05 14:28:52.157190,
89723742688,2008-05-09 00:34:59.000000,2008-05-09 00:44:05.444807,
89104145231,2008-05-12 06:41:33.000000,2008-05-12 06:48:14.999941,
89723742688,2008-05-14 23:01:13.000000,2008-05-14 23:10:05.984405,
89282693889,2008-05-19 22:39:44.000000,2008-05-19 22:50:37.213426,3.0
89723742688,2008-05-22 12:42:12.000000,2008-05-22 12:52:50.418062,
89218485435,2008-05-24 10:22:23.000000,2008-05-24 10:35:19.096300,3.0
89282693889,2008-05-29 13:34:21.000000,2008-05-29 13:45:02.959412,
89284716885,2008-06-02 11:14:05.000000,2008-06-02 11:24:32.163546,
89104145231,2008-06-09 16:30:56.000000,2008-06-09 16:38:46.004117,5.0
89282693889,2008-06-14 14:33:03.000000,2008-06-14 14:42:27.021448,2.0
89723742688,2008-06-17 16:32:52.000000,2008-06-17 16:43:14.497713,
89218485435,2008-06-20 18:37:24.000000,2008-06-20 18:53:10.522775,
89723742688,2008-06-21 23:23:39.000000,2008-06-21 23:33:36.589254,
89282693889,2008-06-29 23:31:04.000000,2008-06-29 23:41:26.336306,
89218485435,2008-07-03 10:22:21.000000,2008-07-03 10:36:52.649445,4.0
89688712236,2008-07-05 23:15:08.000000,2008-07-05 23:26:14.370618,
89104145231,2008-07-06 02:55:47.000000,2008-07-06 03:02:29.312348,
89723742688,2008-07-16 21:26:18.000000,2008-07-16 21:35:25.827347,4.0
89104145231,2008-07-22 12:18:14.000000,2008-07-22 12:24:52.513101,3.0
89688712236,2008-07-22 23:23:47.000000,2008-07-22 23:34:48.535270,
89688712236,2008-07-23 18:38:28.000000,2008-07-23 18:49:32.813447,3.0
89282693889,2008-07-29 06:59:41.000000,2008-07-29 07:11:09.501941,
89104145231,2008-07-31 00:49:31.000000,2008-07-31 00:56:09.450608,
89688712236,2008-08-06 17:22:45.000000,2008-08-06 17:34:05.424075,
89104145231,2008-08-09 00:25:24.000000,2008-08-09 00:32:35.300286,
89104145231,2008-08-09 02:08:50.000000,2008-08-09 02:15:26.652093,
89688712236,2008-08-09 15:34:50.000000,2008-08-09 15:45:50.053444,
89282693889,2008-08-13 05:35:25.000000,2008-08-13 05:45:17.433557,5.0
89104145231,2008-08-26 08:40:16.000000,2008-08-26 08:47:52.596589,3.0
89688712236,2008-09-02 18:41:24.000000,2008-09-02 18:52:20.832952,2.0
89282693889,2008-09-05 12:26:59.000000,2008-09-05 12:37:14.552783,
89282693889,2008-09-08 12:42:23.000000,2008-09-08 12:53:58.022456,
89104145231,2008-09-18 17:55:24.000000,2008-09-18 18:02:14.862123,
89688712236,2008-09-23 10:45:37.000000,2008-09-23 10:56:48.616474,4.0
89282693889,2008-10-02 02:20:16.000000,2008-10-02 02:32:01.603616,
89104145231,2008-10-11 16:59:21.000000,2008-10-11 17:06:55.322231,
89282693889,2008-10-13 09:06:17.000000,2008-10-13 09:17:05.797229,5.0
89688712236,2008-10-20 06:15:01.000000,2008-10-20 06:25:08.665923,4.0
89688712236,2008-10-24 22:01:54.000000,2008-10-24 22:12:10.478962,
89688712236,2008-10-25 14:47:07.000000,2008-10-25 14:57:46.427935,
89282693889,2008-11-02 13:08:32.000000,2008-11-02 13:20:18.014734,
89104145231,2008-11-03 04:38:02.000000,2008-11-03 04:45:32.263597,
89282693889,2008-11-07 12:33:09.000000,2008-11-07 12:44:09.893225,3.0
89104145231,2008-11-13 12:27:45.000000,2008-11-13 12:34:51.093795,
89104145231,2008-11-14 02:00:32.000000,2008-11-14 02:07:36.387232,
89688712236,2008-11-17 21:43:13.000000,2008-11-17 21:54:23.739509,3.0
89104145231,2008-12-04 13:13:31.000000,2008-12-04 13:20:00.899748,5.0
89688712236,2008-12-07 08:54:49.000000,2008-12-07 09:06:36.785000,3.0
89104145231,2008-12-13 16:33:08.000000,2008-12-13 16:40:59.280001,
89688712236,2008-12-24 04:13:17.000000,2008-12-24 04:25:26.361953,2.0
89688712236,2009-01-17 01:13:05.000000,2009-01-17 01:24:26.042706,3.0
89688712236,2009-01-18 07:07:23.000000,2009-01-18 07:16:23.718373,
89068584302,2009-03-19 02:54:19.000000,2009-03-19 03:04:06.732503,
89068584302,2009-04-04 11:38:18.000000,2009-04-04 11:49:20.707687,2.0
89068584302,2009-04-29 13:11:43.000000,2009-04-29 13:21:14.019472,
89068584302,2009-05-10 05:26:32.000000,2009-05-10 05:36:48.500917,
89068584302,2009-05-29 05:03:48.000000,2009-05-29 05:13:20.431733,
89068584302,2009-06-01 12:51:48.000000,2009-06-01 13:01:51.799807,1.0
89068584302,2009-06-10 05:05:10.000000,2009-06-10 05:15:08.310174,5.0
89077753690,2009-06-14 15:05:28.000000,2009-06-14 15:16:57.701027,
89068584302,2009-06-21 03:17:44.000000,2009-06-21 03:28:05.899248,5.0
89077753690,2009-06-27 23:08:12.000000,2009-06-27 23:17:58.860989,
89077753690,2009-07-08 11:41:24.000000,2009-07-08 11:51:00.003065,4.0
89068584302,2009-07-12 20:10:56.000000,2009-07-12 20:19:36.839714,
89077753690,2009-07-30 14:30:57.000000,2009-07-30 14:41:39.323906,
89077753690,2009-08-20 06:11:40.000000,2009-08-20 06:20:09.292763,
89371991797,2009-08-20 18:23:17.000000,2009-08-20 18:35:19.373664,
89077753690,2009-08-26 00:07:15.000000,2009-08-26 00:16:50.391674,
89371991797,2009-09-16 01:22:38.000000,2009-09-16 01:33:48.479676,3.0
89371991797,2009-10-15 09:23:13.000000,2009-10-15 09:36:29.268174,
89371991797,2009-10-18 23:21:50.000000,2009-10-18 23:34:19.113423,
89371991797,2009-11-04 10:34:14.000000,2009-11-04 10:46:01.679243,
89371991797,2009-11-21 11:47:12.000000,2009-11-21 12:00:42.354407,
89371991797,2009-12-14 22:58:37.000000,2009-12-14 23:13:02.291547,1.0
89371991797,2009-12-27 02:20:16.000000,2009-12-27 02:33:38.358566,
89879308551,2009-12-28 04:09:07.000000,2009-12-28 04:17:15.052379,
89879308551,2010-01-13 02:48:33.000000,2010-01-13 02:58:05.704123,
89961691793,2010-01-16 09:39:30.000000,2010-01-16 09:51:04.620828,
89961691793,2010-01-17 10:19:43.000000,2010-01-17 10:31:15.388906,
89371991797,2010-01-18 03:11:45.000000,2010-01-18 03:24:38.424007,4.0
89879308551,2010-01-24 17:33:05.000000,2010-01-24 17:40:21.852901,
89879308551,2010-02-07 02:46:56.000000,2010-02-07 02:54:40.226507,
89879308551,2010-02-23 16:25:38.000000,2010-02-23 16:33:28.839609,
89092730468,2010-03-07 23:55:12.000000,2010-03-08 00:04:53.728923,
89879308551,2010-03-17 20:30:37.000000,2010-03-17 20:38:37.528810,
89879308551,2010-04-04 07:08:37.000000,2010-04-04 07:14:21.317024,
89092730468,2010-04-04 15:15:27.000000,2010-04-04 15:22:22.994922,3.0
89739485443,2010-04-10 19:13:27.000000,2010-04-10 19:29:48.748243,
89092730468,2010-04-19 07:01:51.000000,2010-04-19 07:10:04.191567,
89879308551,2010-04-23 10:02:29.000000,2010-04-23 10:10:54.853045,
89092730468,2010-04-27 13:29:04.000000,2010-04-27 13:38:01.617324,4.0
89092730468,2010-05-01 10:58:05.000000,2010-05-01 11:06:45.975738,
89092730468,2010-05-07 16:52:05.000000,2010-05-07 17:00:52.499859,
89739485443,2010-05-09 08:54:38.000000,2010-05-09 09:09:13.957012,
89879308551,2010-05-13 19:50:01.000000,2010-05-13 19:57:23.671762,
89739485443,2010-05-19 07:08:09.000000,2010-05-19 07:24:04.390586,3.0
89092730468,2010-05-21 01:05:24.000000,2010-05-21 01:14:28.867518,4.0
89739485443,2010-05-28 01:21:37.000000,2010-05-28 01:36:11.854673,3.0
89800803135,2010-05-29 09:09:25.000000,2010-05-29 09:21:13.638639,
89092730468,2010-06-07 01:38:49.000000,2010-06-07 01:47:19.050572,
89879308551,2010-06-10 06:45:56.000000,2010-06-10 06:53:46.889754,
89092730468,2010-06-17 06:16:28.000000,2010-06-17 06:24:00.952239,
89800803135,2010-06-19 04:00:52.000000,2010-06-19 04:10:37.626711,3.0
89739485443,2010-06-20 09:22:52.000000,2010-06-20 09:38:01.340103,3.0
89879308551,2010-06-24 19:52:10.000000,2010-06-24 20:00:20.282479,
89739485443,2010-06-28 16:13:43.000000,2010-06-28 16:29:53.990256,
89879308551,2010-07-05 17:34:40.000000,2010-07-05 17:42:07.215968,
89239432886,2010-07-06 02:48:25.000000,2010-07-06 02:56:26.100792,
89092730468,2010-07-12 09:42:41.000000,2010-07-12 09:51:17.116541,
89739485443,2010-07-15 21:20:51.000000,2010-07-15 21:36:08.288350,3.0
89701613833,2010-07-17 22:30:22.000000,2010-07-17 22:43:56.558645,
89800803135,2010-07-18 06:11:01.000000,2010-07-18 06:22:29.164309,
89239432886,2010-07-20 12:25:47.000000,2010-07-20 12:34:37.397479,3.0
89239432886,2010-07-28 12:20:05.000000,2010-07-28 12:26:52.263205,
89092730468,2010-08-02 04:50:23.000000,2010-08-02 04:58:05.074649,3.0
89800803135,2010-08-02 23:27:57.000000,2010-08-02 23:38:28.824559,
89739485443,2010-08-03 15:58:33.000000,2010-08-03 16:15:52.090513,5.0
89739485443,2010-08-11 00:22:27.000000,2010-08-11 00:39:05.595199,
89701613833,2010-08-11 06:12:27.000000,2010-08-11 06:24:26.222071,
89800803135,2010-08-12 15:50:11.000000,2010-08-12 16:00:47.608401,3.0
89092730468,2010-08-13 20:47:20.000000,2010-08-13 20:55:01.714972,
89239432886,2010-08-17 17:16:30.000000,2010-08-17 17:24:35.633012,4.0
89239432886,2010-08-19 09:49:51.000000,2010-08-19 09:57:41.669490,
89739485443,2010-08-19 23:27:14.000000,2010-08-19 23:43:09.919263,
89092730468,2010-08-21 23:03:28.000000,2010-08-21 23:12:00.123798,
89800803135,2010-08-22 07:34:55.000000,2010-08-22 07:45:44.012545,5.0
89092730468,2010-08-24 10:36:17.000000,2010-08-24 10:45:07.158378,
89783514482,2010-08-26 14:14:41.000000,2010-08-26 14:25:45.143072,
89783514482,2010-08-27 07:00:31.000000,2010-08-27 07:10:31.463468,
89800803135,2010-08-30 05:17:14.000000,2010-08-30 05:26:41.368487,
89701613833,2010-09-03 11:37:09.000000,2010-09-03 11:50:45.022736,
89239432886,2010-09-04 16:41:22.000000,2010-09-04 16:50:17.852314,
89739485443,2010-09-06 20:48:10.000000,2010-09-06 21:03:21.207270,3.0
89701613833,2010-09-09 23:46:58.000000,2010-09-09 23:59:41.178587,
89800803135,2010-09-15 13:05:33.000000,2010-09-15 13:15:03.209460,
89092730468,2010-09-17 09:41:03.000000,2010-09-17 09:47:54.904454,
89443351167,2010-09-22 07:46:41.000000,2010-09-22 07:54:46.048008,2.0
89739485443,2010-09-22 13:09:01.000000,2010-09-22 13:25:26.535589,
89783514482,2010-09-25 03:39:32.000000,2010-09-25 03:51:33.635853,
89701613833,2010-09-28 05:43:24.000000,2010-09-28 05:56:37.396375,
89239432886,2010-09-28 09:35:02.000000,2010-09-28 09:43:33.077114,
89800803135,2010-09-30 18:24:55.000000,2010-09-30 18:35:13.050949,
89783514482,2010-10-02 03:20:57.000000,2010-10-02 03:32:20.552904,3.0
89701613833,2010-10-02 23:53:44.000000,2010-10-03 00:05:46.594668,4.0
89239432886,2010-10-05 14:45:17.000000,2010-10-05 14:53:32.658545,3.0
89443351167,2010-10-07 07:35:38.000000,2010-10-07 07:43:15.055778,
89092730468,2010-10-09 20:19:52.000000,2010-10-09 20:26:41.152326,3.0
89953850085,2010-10-14 08:41:54.000000,2010-10-14 08:47:59.051372,
89701613833,2010-10-15 20:04:13.000000,2010-10-15 20:17:11.098042,
89443351167,2010-10-18 21:58:32.000000,2010-10-18 22:05:52.279927,
89443351167,2010-10-19 17:46:36.000000,2010-10-19 17:54:30.235144,
89739485443,2010-10-19 23:16:28.000000,2010-10-19 23:33:26.935207,3.0
89800803135,2010-10-21 21:53:21.000000,2010-10-21 22:06:04.701031,
89783514482,2010-10-21 23:04:42.000000,2010-10-21 23:17:06.221757,
89783514482,2010-10-27 18:29:32.000000,2010-10-27 18:41:20.079336,5.0
89953850085,2010-11-07 16:54:44.000000,2010-11-07 16:59:16.049879,
89701613833,2010-11-07 21:37:27.000000,2010-11-07 21:50:34.527037,
89800803135,2010-11-08 16:01:11.000000,2010-11-08 16:12:56.343360,2.0
89443351167,2010-11-18 02:14:49.000000,2010-11-18 02:21:56.817060,
89953850085,2010-11-21 10:45:12.000000,2010-11-21 10:51:17.489170,
89800803135,2010-11-26 19:22:05.000000,2010-11-26 19:33:19.056832,1.0
89701613833,2010-11-26 22:16:11.000000,2010-11-26 22:28:06.857303,3.0
89443351167,2010-12-03 23:09:39.000000,2010-12-03 23:17:31.393857,
89953850085,2010-12-14 13:44:49.000000,2010-12-14 13:49:34.956260,
89800803135,2010-12-15 07:35:31.000000,2010-12-15 07:47:38.882155,
89953850085,2010-12-24 03:35:19.000000,2010-12-24 03:41:52.050392,
89701613833,2010-12-25 17:20:08.000000,2010-12-25 17:33:46.062432,
89443351167,2011-01-02 06:36:39.000000,2011-01-02 06:45:01.660287,2.0
89701613833,2011-01-10 22:15:50.000000,2011-01-10 22:28:22.104226,
89800803135,2011-01-13 14:44:47.000000,2011-01-13 14:56:14.497556,
89701613833,2011-01-15 10:32:30.000000,2011-01-15 10:45:46.569011,2.0
89953850085,2011-01-15 11:29:50.000000,2011-01-15 11:36:19.523237,
89701613833,2011-01-18 06:29:54.000000,2011-01-18 06:43:37.393974,
89953850085,2011-01-23 17:03:53.000000,2011-01-23 17:08:06.934608,4.0
89680961334,2011-01-24 00:39:53.000000,2011-01-24 00:52:40.872101,
89443351167,2011-01-31 22:13:51.000000,2011-01-31 22:22:25.341693,3.0
89800803135,2011-02-06 20:12:10.000000,2011-02-06 20:22:12.744337,
89701613833,2011-02-09 17:21:50.000000,2011-02-09 17:35:03.307671,
89443351167,2011-02-11 04:28:22.000000,2011-02-11 04:36:55.225847,
89953850085,2011-02-16 03:33:54.000000,2011-02-16 03:40:27.812300,3.0
89443351167,2011-02-16 05:25:41.000000,2011-02-16 05:33:32.938607,
89680961334,2011-02-18 06:33:23.000000,2011-02-18 06:44:48.938117,
89701613833,2011-02-19 19:30:26.000000,2011-02-19 19:43:38.855026,2.0
89701613833,2011-03-05 21:37:25.000000,2011-03-05 21:50:57.754309,
89953850085,2011-03-06 11:35:09.000000,2011-03-06 11:41:26.968797,
89443351167,2011-03-14 22:21:58.000000,2011-03-14 22:30:42.490205,
89680961334,2011-03-15 04:38:36.000000,2011-03-15 04:49:27.001260,
89953850085,2011-03-24 12:50:30.000000,2011-03-24 12:55:56.394038,
89680961334,2011-03-30 00:00:10.000000,2011-03-30 00:11:47.552479,
89701613833,2011-04-01 17:44:27.000000,2011-04-01 17:57:08.602980,3.0
89782673080,2011-04-03 20:33:04.000000,2011-04-03 20:41:53.689755,
89443351167,2011-04-05 20:00:52.000000,2011-04-05 20:08:43.869389,
89953850085,2011-04-16 17:01:16.000000,2011-04-16 17:08:04.790722,3.0
89782673080,2011-04-17 07:17:51.000000,2011-04-17 07:26:00.471127,4.0
89443351167,2011-04-27 01:08:42.000000,2011-04-27 01:18:05.990149,
89680961334,2011-04-27 20:34:42.000000,2011-04-27 20:45:16.701470,
89782673080,2011-04-28 22:04:25.000000,2011-04-28 22:13:16.515503,
89443351167,2011-05-12 17:24:21.000000,2011-05-12 17:32:12.354756,
89953850085,2011-05-15 10:29:52.000000,2011-05-15 10:33:45.161045,
89680961334,2011-05-27 13:10:41.000000,2011-05-27 13:22:56.979542,
89680961334,2011-05-27 19:19:01.000000,2011-05-27 19:30:38.341578,
89953850085,2011-06-03 23:13:43.000000,2011-06-03 23:18:40.377970,4.0
89443351167,2011-06-06 13:43:14.000000,2011-06-06 13:50:55.209054,4.0
89680961334,2011-06-18 11:35:38.000000,2011-06-18 11:46:44.836989,
89057051185,2011-06-18 22:25:43.000000,2011-06-18 22:39:17.068021,
89057051185,2011-06-25 04:00:57.000000,2011-06-25 04:14:47.912728,
89443351167,2011-06-28 00:10:55.000000,2011-06-28 00:18:45.386036,
89057051185,2011-07-02 19:43:57.000000,2011-07-02 19:57:01.765896,
89680961334,2011-07-06 05:27:03.000000,2011-07-06 05:38:10.964438,
89057051185,2011-07-08 17:24:52.000000,2011-07-08 17:36:55.929458,
89443351167,2011-07-25 11:59:12.000000,2011-07-25 12:07:16.262701,
89057051185,2011-07-30 12:14:57.000000,2011-07-30 12:27:59.715906,
89057051185,2011-08-17 11:13:57.000000,2011-08-17 11:26:32.590894,
89057051185,2011-09-11 16:45:03.000000,2011-09-11 16:57:28.742407,
89057051185,2011-09-27 16:57:13.000000,2011-09-27 17:08:22.781786,
89057051185,2011-10-17 12:35:15.000000,2011-10-17 12:47:55.559839,1.0
89057051185,2011-10-25 16:16:21.000000,2011-10-25 16:27:42.702057,2.0
89057051185,2011-11-10 15:09:13.000000,2011-11-10 15:21:55.977331,
89796774785,2011-12-01 05:28:55.000000,2011-12-01 05:36:07.942907,
89057051185,2011-12-03 21:30:38.000000,2011-12-03 21:41:48.283282,3.0
89796774785,2011-12-09 23:20:05.000000,2011-12-09 23:28:19.940516,2.0
89796774785,2011-12-14 03:58:16.000000,2011-12-14 04:05:39.185636,
89057051185,2011-12-25 13:27:23.000000,2011-12-25 13:39:59.587608,
89796774785,2011-12-31 10:50:23.000000,2011-12-31 10:58:50.511927,
89796774785,2012-01-16 09:28:14.000000,2012-01-16 09:35:11.914936,3.0
89057051185,2012-01-16 20:15:55.000000,2012-01-16 20:25:20.204097,1.0
89057051185,2012-01-31 23:43:45.000000,2012-01-31 23:56:34.916843,
89796774785,2012-02-05 12:50:50.000000,2012-02-05 12:59:27.646472,
89764678978,2012-02-09 23:56:26.000000,2012-02-10 00:04:35.549285,2.0
89764678978,2012-02-13 06:37:44.000000,2012-02-13 06:44:53.622616,
89057051185,2012-02-17 09:44:47.000000,2012-02-17 09:56:45.491279,
89764678978,2012-03-10 05:32:14.000000,2012-03-10 05:39:44.412851,3.0
89764678978,2012-03-31 07:12:54.000000,2012-03-31 07:20:05.144661,
89764678978,2012-04-02 18:08:40.000000,2012-04-02 18:18:07.102855,
89764678978,2012-04-07 21:53:36.000000,2012-04-07 22:01:48.203916,
89663632863,2012-04-08 08:57:36.000000,2012-04-08 09:04:44.340516,
89054659257,2012-04-24 14:34:00.000000,2012-04-24 14:42:38.374259,
89764678978,2012-04-27 00:54:05.000000,2012-04-27 01:02:04.201220,4.0
89663632863,2012-05-07 02:10:16.000000,2012-05-07 02:18:43.434579,2.0
89663632863,2012-05-09 14:42:40.000000,2012-05-09 14:50:48.033965,
89663632863,2012-05-15 05:59:34.000000,2012-05-15 06:08:14.557517,
89054659257,2012-05-22 00:55:59.000000,2012-05-22 01:04:18.848301,
89663632863,2012-05-30 20:01:33.000000,2012-05-30 20:09:25.904099,
89663632863,2012-06-07 06:48:32.000000,2012-06-07 06:56:30.870018,
89054659257,2012-06-16 06:30:20.000000,2012-06-16 06:36:36.222051,
89663632863,2012-06-22 23:58:28.000000,2012-06-23 00:05:56.707860,
89663632863,2012-06-25 09:00:00.000000,2012-06-25 09:06:30.554254,
89663632863,2012-07-21 02:04:39.000000,2012-07-21 02:11:18.675564,
89663632863,2012-07-26 04:42:55.000000,2012-07-26 04:51:48.317117,
89906868713,2012-08-09 06:09:22.000000,2012-08-09 06:21:12.936660,3.0
89906868713,2012-08-09 18:59:19.000000,2012-08-09 19:11:52.779260,
89906868713,2012-08-09 20:16:01.000000,2012-08-09 20:27:26.549730,
89124884568,2012-08-20 21:17:44.000000,2012-08-20 21:22:43.905787,3.0
89906868713,2012-08-25 08:23:21.000000,2012-08-25 08:37:05.098669,
89124884568,2012-08-31 14:25:15.000000,2012-08-31 14:31:17.550310,1.0
89906868713,2012-09-13 03:05:20.000000,2012-09-13 03:17:26.831106,
89906868713,2012-09-14 01:11:31.000000,2012-09-14 01:23:38.326387,
89906868713,2012-09-23 04:46:08.000000,2012-09-23 04:58:23.810630,
89475212770,2012-09-27 14:24:12.000000,2012-09-27 14:34:59.266086,
89124884568,2012-09-30 00:03:32.000000,2012-09-30 00:08:22.740528,
89906868713,2012-09-30 17:44:41.000000,2012-09-30 17:57:04.944306,3.0
89906868713,2012-10-01 08:14:48.000000,2012-10-01 08:24:57.348537,
89124884568,2012-10-11 17:08:12.000000,2012-10-11 17:13:53.719076,
89906868713,2012-10-22 05:34:01.000000,2012-10-22 05:45:55.911649,
89124884568,2012-10-22 10:43:36.000000,2012-10-22 10:50:51.482761,
89124884568,2012-10-25 07:53:54.000000,2012-10-25 07:59:18.890242,3.0
89124884568,2012-10-25 10:56:17.000000,2012-10-25 11:02:20.516240,
89124884568,2012-10-26 03:19:05.000000,2012-10-26 03:25:22.633662,
89124884568,2012-11-10 22:14:41.000000,2012-11-10 22:20:30.672409,
89906868713,2012-11-11 15:23:20.000000,2012-11-11 15:34:10.385104,
89906868713,2012-11-14 11:14:43.000000,2012-11-14 11:29:12.133510,
89124884568,2012-12-02 21:17:25.000000,2012-12-02 21:23:19.272883,
89906868713,2012-12-03 08:00:57.000000,2012-12-03 08:11:46.401377,3.0
89906868713,2012-12-06 23:13:09.000000,2012-12-06 23:25:17.395738,
89124884568,2012-12-07 20:00:22.000000,2012-12-07 20:08:37.776306,3.0
89198913073,2012-12-08 03:35:35.000000,2012-12-08 03:40:01.704448,5.0
89124884568,2012-12-24 03:56:55.000000,2012-12-24 04:03:06.063744,3.0
89198913073,2012-12-24 18:54:26.000000,2012-12-24 19:00:52.961471,4.0
89198913073,2012-12-25 17:48:04.000000,2012-12-25 17:53:52.046430,
89906868713,2012-12-27 07:02:20.000000,2012-12-27 07:13:53.246997,
89906868713,2012-12-31 01:31:00.000000,2012-12-31 01:43:09.266949,
89198913073,2013-01-15 10:52:54.000000,2013-01-15 10:58:26.876730,3.0
89279163472,2013-01-20 16:45:37.000000,2013-01-20 16:52:09.180331,
89124884568,2013-01-20 22:15:31.000000,2013-01-20 22:19:26.381911,5.0
89198913073,2013-01-23 14:16:39.000000,2013-01-23 14:19:51.165337,5.0
89279163472,2013-01-28 14:49:36.000000,2013-01-28 14:54:44.747364,
89279163472,2013-02-13 14:57:36.000000,2013-02-13 15:02:29.475753,3.0
89124884568,2013-02-16 08:50:28.000000,2013-02-16 08:56:15.749138,
89124884568,2013-02-19 06:44:33.000000,2013-02-19 06:50:03.903580,
89198913073,2013-02-20 17:05:21.000000,2013-02-20 17:10:03.701016,4.0
89198913073,2013-02-21 08:19:07.000000,2013-02-21 08:26:53.752352,
89198913073,2013-02-25 12:48:09.000000,2013-02-25 12:54:06.325937,
89279163472,2013-03-03 04:52:19.000000,2013-03-03 04:57:18.777164,3.0
89279163472,2013-03-15 20:39:30.000000,2013-03-15 20:45:27.341600,
89198913073,2013-03-19 04:12:08.000000,2013-03-19 04:16:37.034063,
89279163472,2013-04-07 00:54:59.000000,2013-04-07 00:59:52.438902,
89279163472,2013-05-02 17:09:15.000000,2013-05-02 17:12:53.385690,
89887770853,2013-05-03 20:20:41.000000,2013-05-03 20:30:44.325884,3.0
89279163472,2013-05-15 11:00:20.000000,2013-05-15 11:05:24.313073,3.0
89887770853,2013-05-17 16:58:06.000000,2013-05-17 17:08:21.502819,3.0
89279163472,2013-05-17 20:36:40.000000,2013-05-17 20:42:11.136650,
89279163472,2013-05-29 06:18:40.000000,2013-05-29 06:22:59.262462,4.0
89887770853,2013-05-30 23:36:59.000000,2013-05-30 23:47:31.059420,
89501234697,2013-06-11 13:50:44.000000,2013-06-11 13:58:20.223373,
89887770853,2013-06-18 11:48:33.000000,2013-06-18 11:59:47.671270,
89279163472,2013-06-23 23:28:40.000000,2013-06-23 23:33:14.490888,
89279163472,2013-06-26 21:00:10.000000,2013-06-26 21:05:51.401798,3.0
89501234697,2013-07-01 05:22:07.000000,2013-07-01 05:29:43.960051,
89279163472,2013-07-07 09:19:02.000000,2013-07-07 09:23:05.433412,
89501234697,2013-07-11 13:09:13.000000,2013-07-11 13:16:43.041710,
89887770853,2013-07-15 22:59:17.000000,2013-07-15 23:09:58.826292,
89501234697,2013-07-26 14:32:49.000000,2013-07-26 14:40:12.196496,
89501234697,2013-07-28 19:11:50.000000,2013-07-28 19:17:14.757227,
89279163472,2013-07-29 03:20:24.000000,2013-07-29 03:25:09.244309,5.0
89279163472,2013-08-24 07:33:38.000000,2013-08-24 07:36:55.018282,
89461498479,2013-12-07 15:46:58.000000,2013-12-07 16:02:11.761591,1.0
89461498479,2013-12-16 19:45:13.000000,2013-12-16 19:59:44.570867,
89461498479,2013-12-20 23:19:44.000000,2013-12-20 23:36:10.292649,
89461498479,2014-01-06 00:11:20.000000,2014-01-06 00:28:58.584726,
89429027922,2014-01-22 14:47:34.000000,2014-01-22 14:59:20.010129,
89461498479,2014-02-04 01:45:38.000000,2014-02-04 02:01:29.795911,
89429027922,2014-02-08 10:10:33.000000,2014-02-08 10:23:03.515287,
89337977159,2014-02-15 12:10:03.000000,2014-02-15 12:24:33.049292,
89429027922,2014-02-15 13:14:36.000000,2014-02-15 13:27:17.353064,
89461498479,2014-02-26 05:55:07.000000,2014-02-26 06:12:09.219133,
89461498479,2014-02-26 13:19:34.000000,2014-02-26 13:36:51.413726,
89461498479,2014-03-01 12:40:55.000000,2014-03-01 12:56:50.625554,2.0
89337977159,2014-03-02 01:26:44.000000,2014-03-02 01:39:10.391540,3.0
89587508379,2014-03-05 19:13:24.000000,2014-03-05 19:20:51.820049,
89429027922,2014-03-11 12:52:54.000000,2014-03-11 13:06:40.624541,
89337977159,2014-03-19 12:01:43.000000,2014-03-19 12:15:10.944084,
89461498479,2014-03-20 07:30:03.000000,2014-03-20 07:45:29.144365,4.0
89587508379,2014-03-21 04:09:20.000000,2014-03-21 04:16:34.233330,
89429027922,2014-03-22 00:51:57.000000,2014-03-22 01:03:50.179765,
89587508379,2014-03-22 07:07:05.000000,2014-03-22 07:15:16.945546,3.0
89461498479,2014-03-26 10:17:23.000000,2014-03-26 10:32:42.736039,1.0
89587508379,2014-03-29 20:14:49.000000,2014-03-29 20:19:56.391587,4.0
89461498479,2014-03-31 07:27:04.000000,2014-03-31 07:42:22.701715,3.0
89337977159,2014-04-06 12:08:54.000000,2014-04-06 12:22:31.733201,
89507989336,2014-04-07 11:29:52.000000,2014-04-07 11:40:22.817150,
89587508379,2014-04-10 15:03:31.000000,2014-04-10 15:09:50.396050,4.0
89461498479,2014-04-10 17:32:07.000000,2014-04-10 17:49:44.052928,2.0
89429027922,2014-04-11 02:36:13.000000,2014-04-11 02:48:13.453708,5.0
89429027922,2014-04-25 07:07:32.000000,2014-04-25 07:19:28.316418,
89337977159,2014-04-25 17:22:33.000000,2014-04-25 17:35:58.793520,
89507989336,2014-04-26 10:59:53.000000,2014-04-26 11:08:33.768397,
89461498479,2014-05-02 18:36:10.000000,2014-05-02 18:53:29.567455,
89461498479,2014-05-04 17:37:05.000000,2014-05-04 17:53:23.860281,
89587508379,2014-05-08 04:04:13.000000,2014-05-08 04:09:30.263207,
89877961588,2014-05-12 05:04:51.000000,2014-05-12 05:17:19.608560,
89337977159,2014-05-17 11:31:17.000000,2014-05-17 11:45:04.337773,1.0
89877961588,2014-05-20 14:59:20.000000,2014-05-20 15:11:48.004337,
89507989336,2014-05-20 21:10:04.000000,2014-05-20 21:21:10.713783,3.0
89429027922,2014-05-23 13:06:45.000000,2014-05-23 13:19:26.194628,
89507989336,2014-05-26 14:03:11.000000,2014-05-26 14:15:36.445494,
89337977159,2014-05-31 07:01:07.000000,2014-05-31 07:14:26.668657,5.0
89507989336,2014-06-03 04:44:48.000000,2014-06-03 04:54:37.241909,
89507989336,2014-06-03 16:50:38.000000,2014-06-03 17:02:08.925096,
89507989336,2014-06-11 16:40:40.000000,2014-06-11 16:50:30.118750,3.0
89429027922,2014-06-13 07:09:55.000000,2014-06-13 07:21:09.724317,
89877961588,2014-06-15 06:49:22.000000,2014-06-15 07:01:56.273392,3.0
89507989336,2014-06-17 15:42:19.000000,2014-06-17 15:52:54.347863,3.0
89337977159,2014-06-25 06:49:59.000000,2014-06-25 07:04:22.877580,2.0
89507989336,2014-07-10 05:40:57.000000,2014-07-10 05:51:03.184845,4.0
89429027922,2014-07-12 06:46:42.000000,2014-07-12 06:59:16.028678,
89337977159,2014-07-16 17:19:46.000000,2014-07-16 17:34:22.986431,
89429027922,2014-07-27 12:38:00.000000,2014-07-27 12:50:51.466530,
89507989336,2014-07-28 21:23:00.000000,2014-07-28 21:33:06.291364,2.0
89429027922,2014-08-12 23:41:08.000000,2014-08-12 23:55:13.269718,
89507989336,2014-08-20 17:37:49.000000,2014-08-20 17:48:37.626504,
89507989336,2014-08-23 18:26:09.000000,2014-08-23 18:36:05.360314,
89429027922,2014-08-24 16:58:39.000000,2014-08-24 17:11:34.648278,3.0
89429027922,2014-09-11 05:44:14.000000,2014-09-11 05:56:19.788441,
89429027922,2014-09-19 11:49:51.000000,2014-09-19 12:02:51.312120,
89507989336,2014-09-20 05:41:34.000000,2014-09-20 05:52:36.536600,
89429027922,2014-09-21 05:03:36.000000,2014-09-21 05:16:19.771023,
89507989336,2014-10-04 22:35:48.000000,2014-10-04 22:47:39.253253,2.0
89296937415,2014-10-18 06:48:41.000000,2014-10-18 06:57:05.856312,
89507989336,2014-10-22 09:01:15.000000,2014-10-22 09:12:32.513683,1.0
89296937415,2014-10-22 20:51:37.000000,2014-10-22 20:59:24.314177,3.0
89507989336,2014-10-26 15:52:40.000000,2014-10-26 16:02:27.898761,2.0
89507989336,2014-11-01 18:09:37.000000,2014-11-01 18:19:15.700807,
89507989336,2014-11-03 06:10:27.000000,2014-11-03 06:20:54.268016,
89296937415,2014-11-11 02:57:45.000000,2014-11-11 03:08:31.408516,
89624200653,2014-11-21 09:24:16.000000,2014-11-21 09:38:02.100106,4.0
89296937415,2014-11-29 11:32:39.000000,2014-11-29 11:41:24.436820,3.0
89296937415,2014-12-02 15:53:33.000000,2014-12-02 16:02:50.935387,
89624200653,2014-12-06 05:32:43.000000,2014-12-06 05:45:22.198650,4.0
89296937415,2014-12-17 06:20:02.000000,2014-12-17 06:28:09.148082,2.0
89624200653,2014-12-21 10:17:23.000000,2014-12-21 10:30:04.180500,
89296937415,2015-01-12 10:16:34.000000,2015-01-12 10:25:06.508631,
89624200653,2015-01-17 08:27:03.000000,2015-01-17 08:40:35.711220,
89569388300,2015-01-23 11:31:35.000000,2015-01-23 11:39:21.020855,
89296937415,2015-01-24 10:33:08.000000,2015-01-24 10:42:56.991238,
89624200653,2015-02-01 20:07:40.000000,2015-02-01 20:20:23.959782,
89296937415,2015-02-06 11:53:42.000000,2015-02-06 12:02:44.853528,
89296937415,2015-02-15 03:54:39.000000,2015-02-15 04:03:12.120958,3.0
89569388300,2015-02-21 23:53:15.000000,2015-02-22 00:00:59.475924,
89569388300,2015-03-04 08:38:33.000000,2015-03-04 08:47:57.257426,
89569388300,2015-03-21 20:12:46.000000,2015-03-21 20:21:21.183629,4.0
89569388300,2015-03-27 11:57:56.000000,2015-03-27 12:07:30.375812,
89569388300,2015-04-14 21:24:49.000000,2015-04-14 21:32:57.875733,
89569388300,2015-05-03 14:57:32.000000,2015-05-03 15:07:37.906983,
89569388300,2015-05-26 07:52:33.000000,2015-05-26 07:59:54.285776,
89569388300,2015-06-22 08:50:24.000000,2015-06-22 08:58:04.346424,
89569388300,2015-06-26 01:13:29.000000,2015-06-26 01:22:11.811314,
89728725865,2015-06-27 08:05:20.000000,2015-06-27 08:16:09.823279,
89728725865,2015-07-01 21:36:13.000000,2015-07-01 21:47:55.527834,
89728725865,2015-07-13 10:15:43.000000,2015-07-13 10:26:32.288061,2.0
89569388300,2015-07-19 19:54:46.000000,2015-07-19 20:04:47.788729,2.0
89728725865,2015-07-22 16:28:19.000000,2015-07-22 16:40:17.702286,3.0
89569388300,2015-08-12 01:57:01.000000,2015-08-12 02:05:24.530303,
89569388300,2015-08-18 00:34:59.000000,2015-08-18 00:43:29.566331,
89569388300,2015-09-11 17:11:39.000000,2015-09-11 17:18:24.506810,
89569388300,2015-09-18 23:04:23.000000,2015-09-18 23:13:40.969175,
89569388300,2015-10-18 02:02:51.000000,2015-10-18 02:12:32.198871,
89569388300,2015-11-01 23:03:52.000000,2015-11-01 23:12:52.714518,
89569388300,2015-11-08 00:48:36.000000,2015-11-08 00:56:02.606231,
89569388300,2015-11-20 08:54:24.000000,2015-11-20 09:03:04.565875,4.0
89569388300,2015-12-11 20:50:41.000000,2015-12-11 20:59:04.584005,
89024751232,2016-01-09 07:48:37.000000,2016-01-09 07:55:46.339511,4.0
89744686449,2016-02-04 02:00:35.000000,2016-02-04 02:13:15.548203,
89024751232,2016-02-05 05:00:50.000000,2016-02-05 05:06:19.341593,
89003168511,2016-02-11 11:50:15.000000,2016-02-11 12:00:30.004872,3.0
89744686449,2016-02-12 00:54:38.000000,2016-02-12 01:08:04.725413,
89024751232,2016-02-12 09:07:55.000000,2016-02-12 09:16:30.210590,
89744686449,2016-02-12 21:10:57.000000,2016-02-12 21:22:42.569883,
89003168511,2016-03-06 22:03:30.000000,2016-03-06 22:14:13.466175,
89744686449,2016-03-07 09:08:02.000000,2016-03-07 09:20:59.762761,
89003168511,2016-03-09 14:29:14.000000,2016-03-09 14:39:28.975428,
89024751232,2016-03-11 21:10:11.000000,2016-03-11 21:17:52.276048,
89024751232,2016-03-30 07:32:32.000000,2016-03-30 07:41:21.178328,
89003168511,2016-04-02 09:37:44.000000,2016-04-02 09:48:19.841387,
89744686449,2016-04-04 07:35:58.000000,2016-04-04 07:48:27.217427,1.0
89024751232,2016-04-16 18:36:46.000000,2016-04-16 18:44:06.154254,
89024751232,2016-04-24 19:46:54.000000,2016-04-24 19:53:45.601414,
89003168511,2016-04-28 23:30:43.000000,2016-04-28 23:40:56.578401,5.0
89744686449,2016-05-01 18:14:51.000000,2016-05-01 18:25:36.568780,
89744686449,2016-05-06 05:43:23.000000,2016-05-06 05:54:31.647891,
89003168511,2016-05-15 16:11:37.000000,2016-05-15 16:22:31.556175,
89003168511,2016-05-15 19:09:20.000000,2016-05-15 19:20:23.737191,1.0
89003168511,2016-05-17 03:45:36.000000,2016-05-17 03:56:49.759486,3.0
89024751232,2016-05-17 14:59:15.000000,2016-05-17 15:06:15.244147,
89744686449,2016-05-23 09:48:09.000000,2016-05-23 09:59:30.329827,
89024751232,2016-06-04 17:46:55.000000,2016-06-04 17:54:55.333174,2.0
89003168511,2016-06-08 14:22:24.000000,2016-06-08 14:32:40.656319,
89299615459,2016-06-10 00:19:34.000000,2016-06-10 00:28:25.395413,
89744686449,2016-06-12 16:27:51.000000,2016-06-12 16:38:49.919827,
89863624302,2016-06-21 08:49:11.000000,2016-06-21 08:50:24.321293,5.0
89744686449,2016-06-27 14:45:25.000000,2016-06-27 14:55:58.141024,3.0
89299615459,2016-06-30 16:58:16.000000,2016-06-30 17:07:12.411495,
89003168511,2016-07-02 04:49:27.000000,2016-07-02 04:59:13.310944,
89024751232,2016-07-02 08:46:56.000000,2016-07-02 08:55:38.934464,3.0
89744686449,2016-07-04 14:04:31.000000,2016-07-04 14:16:52.219337,
89620948607,2016-07-08 09:00:52.000000,2016-07-08 09:06:34.360333,4.0
89299615459,2016-07-11 03:37:47.000000,2016-07-11 03:45:26.120519,5.0
89863624302,2016-07-12 00:50:11.000000,2016-07-12 00:53:17.844453,
89003168511,2016-07-19 22:24:30.000000,2016-07-19 22:34:41.344540,1.0
89003168511,2016-07-21 21:13:54.000000,2016-07-21 21:23:26.358670,
89003168511,2016-07-28 19:53:33.000000,2016-07-28 20:05:14.632935,
89299615459,2016-07-30 02:12:59.000000,2016-07-30 02:20:45.830761,
89024751232,2016-07-31 12:47:22.000000,2016-07-31 12:54:30.963259,
89299615459,2016-08-02 15:47:21.000000,2016-08-02 15:57:18.892211,
89744686449,2016-08-03 02:15:38.000000,2016-08-03 02:27:04.131245,4.0
89299615459,2016-08-03 02:31:53.000000,2016-08-03 02:40:29.671454,4.0
89620948607,2016-08-03 12:13:15.000000,2016-08-03 12:18:24.267064,
89620948607,2016-08-03 21:42:36.000000,2016-08-03 21:46:47.199768,3.0
89863624302,2016-08-05 11:25:54.000000,2016-08-05 11:28:18.393094,
89024751232,2016-08-10 14:12:44.000000,2016-08-10 14:21:49.866624,
89620948607,2016-08-13 00:20:55.000000,2016-08-13 00:25:06.683675,4.0
89024751232,2016-08-14 07:12:23.000000,2016-08-14 07:20:08.868977,4.0
89003168511,2016-08-14 11:28:07.000000,2016-08-14 11:38:58.444540,4.0
89299615459,2016-08-15 14:34:27.000000,2016-08-15 14:41:54.303430,3.0
89744686449,2016-08-17 06:02:42.000000,2016-08-17 06:15:05.771903,
89359078917,2016-09-02 13:35:52.000000,2016-09-02 13:49:01.401756,
89024751232,2016-09-02 16:57:47.000000,2016-09-02 17:05:33.714060,
89003168511,2016-09-02 21:52:56.000000,2016-09-02 22:03:24.065605,
89620948607,2016-09-04 06:50:04.000000,2016-09-04 06:55:20.699131,
89863624302,2016-09-04 07:02:32.000000,2016-09-04 07:04:01.262835,
89359078917,2016-09-07 10:08:00.000000,2016-09-07 10:23:28.058682,
89620948607,2016-09-08 19:18:32.000000,2016-09-08 19:23:21.709126,
89491804088,2016-09-15 11:02:34.000000,2016-09-15 11:15:32.651902,
89359078917,2016-09-19 09:30:47.000000,2016-09-19 09:44:20.173460,
89003168511,2016-09-21 06:53:26.000000,2016-09-21 07:03:00.154867,
89620948607,2016-09-23 22:05:00.000000,2016-09-23 22:10:48.276848,
89024751232,2016-09-24 17:52:11.000000,2016-09-24 18:01:04.292833,
89863624302,2016-09-28 21:50:16.000000,2016-09-28 21:52:08.243638,4.0
89024751232,2016-10-06 01:56:40.000000,2016-10-06 02:04:33.567799,3.0
89491804088,2016-10-08 21:05:06.000000,2016-10-08 21:16:57.996665,3.0
89931994640,2016-10-12 09:28:22.000000,2016-10-12 09:37:19.325229,
89359078917,2016-10-17 18:58:07.000000,2016-10-17 19:11:27.111749,4.0
89620948607,2016-10-17 20:17:55.000000,2016-10-17 20:23:35.058303,5.0
89445641401,2016-10-23 12:30:11.000000,2016-10-23 12:34:40.437306,
89863624302,2016-10-27 00:21:29.000000,2016-10-27 00:22:49.545495,
89445641401,2016-11-04 14:00:46.000000,2016-11-04 14:05:27.964781,
89931994640,2016-11-05 17:08:46.000000,2016-11-05 17:17:19.924614,
89491804088,2016-11-05 23:05:47.000000,2016-11-05 23:17:15.948616,
89491804088,2016-11-12 18:35:12.000000,2016-11-12 18:46:53.163226,
89620948607,2016-11-16 01:26:44.000000,2016-11-16 01:31:29.872516,
89863624302,2016-11-18 14:24:00.000000,2016-11-18 14:25:49.473584,4.0
89931994640,2016-11-22 00:17:31.000000,2016-11-22 00:25:56.045510,5.0
89445641401,2016-11-25 02:04:52.000000,2016-11-25 02:09:08.327212,
89620948607,2016-12-02 01:47:28.000000,2016-12-02 01:54:22.405782,
89863624302,2016-12-04 09:59:44.000000,2016-12-04 10:02:41.864638,
89620948607,2016-12-07 21:19:33.000000,2016-12-07 21:24:25.582044,4.0
89445641401,2016-12-08 05:53:20.000000,2016-12-08 05:57:39.925897,3.0
89445641401,2016-12-08 23:00:41.000000,2016-12-08 23:04:20.149127,
89491804088,2016-12-09 06:32:34.000000,2016-12-09 06:45:27.955417,
89931994640,2016-12-12 01:14:09.000000,2016-12-12 01:24:26.530221,2.0
89445641401,2016-12-17 07:52:09.000000,2016-12-17 07:56:38.086383,5.0
89931994640,2016-12-17 14:38:58.000000,2016-12-17 14:47:18.748313,
89620948607,2016-12-21 05:01:44.000000,2016-12-21 05:06:53.428679,
89863624302,2016-12-22 13:43:23.000000,2016-12-22 13:45:22.158623,5.0
89620948607,2017-01-06 07:24:16.000000,2017-01-06 07:29:23.797566,5.0
89491804088,2017-01-07 10:50:03.000000,2017-01-07 11:01:59.433042,3.0
89931994640,2017-01-10 17:10:26.000000,2017-01-10 17:19:38.737562,
89445641401,2017-01-14 18:44:15.000000,2017-01-14 18:48:29.675049,5.0
89863624302,2017-01-19 19:01:37.000000,2017-01-19 19:02:35.004922,5.0
89620948607,2017-01-21 19:29:20.000000,2017-01-21 19:34:27.922211,
89620948607,2017-01-22 08:16:48.000000,2017-01-22 08:21:10.359787,
89863624302,2017-02-01 05:37:56.000000,2017-02-01 05:39:22.123289,
89491804088,2017-02-03 09:19:45.000000,2017-02-03 09:30:01.903512,
89931994640,2017-02-08 12:20:19.000000,2017-02-08 12:28:47.132091,
89491804088,2017-02-10 00:07:33.000000,2017-02-10 00:18:35.954931,
89863624302,2017-02-16 22:27:47.000000,2017-02-16 22:27:37.999686,
89931994640,2017-02-17 14:54:22.000000,2017-02-17 15:03:38.837569,
89724607832,2017-02-27 13:35:53.000000,2017-02-27 13:43:56.037949,4.0
89708584169,2017-03-01 01:44:58.000000,2017-03-01 01:55:07.908049,
89863624302,2017-03-03 20:24:07.000000,2017-03-03 20:24:41.924288,4.0
89724607832,2017-03-08 00:20:58.000000,2017-03-08 00:28:29.442813,3.0
89669129754,2017-03-12 10:35:17.000000,2017-03-12 10:45:17.076077,
89724607832,2017-03-22 05:30:10.000000,2017-03-22 05:39:05.791599,
89708584169,2017-03-23 15:17:15.000000,2017-03-23 15:27:28.709150,
89669129754,2017-03-27 03:58:37.000000,2017-03-27 04:08:31.477486,
89724607832,2017-04-06 03:01:10.000000,2017-04-06 03:08:21.328506,3.0
89669129754,2017-04-09 16:47:54.000000,2017-04-09 16:58:27.768830,2.0
89708584169,2017-04-14 21:47:49.000000,2017-04-14 21:57:29.192840,
89669129754,2017-04-17 11:56:55.000000,2017-04-17 12:07:33.255058,
89669129754,2017-04-18 07:19:54.000000,2017-04-18 07:30:26.261314,
89724607832,2017-05-03 08:14:54.000000,2017-05-03 08:23:53.664441,
89669129754,2017-05-10 13:35:17.000000,2017-05-10 13:45:18.687907,
89708584169,2017-05-11 20:40:53.000000,2017-05-11 20:51:42.285094,3.0
89724607832,2017-05-21 15:24:22.000000,2017-05-21 15:32:50.061640,
89708584169,2017-05-21 19:52:15.000000,2017-05-21 20:02:14.624175,4.0
89708584169,2017-05-29 14:52:32.000000,2017-05-29 15:04:06.150976,4.0
89724607832,2017-06-06 00:27:17.000000,2017-06-06 00:37:22.648847,4.0
89669129754,2017-06-07 22:59:42.000000,2017-06-07 23:10:24.193623,
89708584169,2017-06-17 19:26:52.000000,2017-06-17 19:35:37.624314,3.0
89724607832,2017-06-22 19:22:33.000000,2017-06-22 19:31:28.221481,
89669129754,2017-07-02 13:50:14.000000,2017-07-02 14:00:03.876822,2.0
89669129754,2017-07-12 11:59:39.000000,2017-07-12 12:07:59.650191,
89724607832,2017-07-13 20:48:14.000000,2017-07-13 20:57:37.211636,3.0
89669129754,2017-08-01 23:47:50.000000,2017-08-01 23:58:18.002369,
89669129754,2017-08-13 03:26:28.000000,2017-08-13 03:35:45.594566,3.0
89669129754,2017-09-10 16:21:30.000000,2017-09-10 16:32:32.779868,
89669129754,2017-09-15 23:37:18.000000,2017-09-15 23:46:57.405063,2.0
89669129754,2017-09-23 13:04:00.000000,2017-09-23 13:13:29.832536,
89669129754,2017-09-29 11:20:13.000000,2017-09-29 11:29:38.807353,
89669129754,2017-10-26 21:39:40.000000,2017-10-26 21:49:02.375772,
89669129754,2017-11-09 19:19:24.000000,2017-11-09 19:29:31.289611,3.0
89291135052,2017-12-29 02:37:59.000000,2017-12-29 02:50:10.542929,3.0
89291135052,2018-01-06 22:30:51.000000,2018-01-06 22:42:41.469101,2.0
89291135052,2018-01-24 07:44:44.000000,2018-01-24 07:57:42.969046,
89291135052,2018-02-11 09:14:44.000000,2018-02-11 09:27:09.209536,3.0
89291135052,2018-02-15 20:34:13.000000,2018-02-15 20:46:59.398291,
89291135052,2018-03-12 15:41:38.000000,2018-03-12 15:52:10.411855,
89291135052,2018-03-23 11:58:59.000000,2018-03-23 12:10:59.662583,3.0
89291135052,2018-04-07 04:52:31.000000,2018-04-07 05:04:24.215177,
89470270618,2018-07-30 11:04:59.000000,2018-07-30 11:17:40.861900,3.0
89470270618,2018-08-14 17:49:09.000000,2018-08-14 18:01:52.592833,
89533176506,2018-08-18 17:23:17.000000,2018-08-18 17:33:15.449178,
89533176506,2018-09-03 07:22:00.000000,2018-09-03 07:32:39.445959,
89470270618,2018-09-05 14:59:20.000000,2018-09-05 15:11:57.490550,
89533176506,2018-09-10 18:34:23.000000,2018-09-10 18:45:24.736919,
89533176506,2018-09-12 21:35:04.000000,2018-09-12 21:45:04.476146,
89470270618,2018-09-24 16:28:35.000000,2018-09-24 16:42:13.597848,
89189277220,2018-09-29 03:19:25.000000,2018-09-29 03:29:24.646397,
89533176506,2018-10-01 03:51:16.000000,2018-10-01 04:02:17.623604,
89533176506,2018-10-11 20:43:12.000000,2018-10-11 20:54:47.016084,
89470270618,2018-10-12 20:37:01.000000,2018-10-12 20:50:09.184241,3.0
89703020207,2018-10-29 11:03:24.000000,2018-10-29 11:10:00.128683,
89703020207,2018-11-01 14:26:47.000000,2018-11-01 14:35:24.321444,2.0
89703020207,2018-11-01 22:54:11.000000,2018-11-01 23:00:57.065196,4.0
89533176506,2018-11-04 00:10:15.000000,2018-11-04 00:21:03.810615,2.0
89128902560,2018-11-05 00:04:03.000000,2018-11-05 00:15:21.935894,
89470270618,2018-11-07 13:43:39.000000,2018-11-07 13:57:28.231285,3.0
89533176506,2018-11-11 22:20:24.000000,2018-11-11 22:31:06.322073,
89703020207,2018-11-18 11:19:38.000000,2018-11-18 11:27:35.303142,4.0
89128902560,2018-11-22 02:44:19.000000,2018-11-22 02:56:12.839994,
89703020207,2018-11-29 03:55:09.000000,2018-11-29 04:01:44.428022,
89470270618,2018-12-01 10:57:04.000000,2018-12-01 11:08:47.482812,4.0
89470270618,2018-12-02 02:38:52.000000,2018-12-02 02:52:04.584699,
89128902560,2018-12-17 13:49:14.000000,2018-12-17 13:59:28.514450,3.0
89642205801,2018-12-19 13:14:39.000000,2018-12-19 13:23:33.280017,2.0
89128902560,2018-12-20 14:04:04.000000,2018-12-20 14:15:40.813856,
89703020207,2018-12-25 13:19:49.000000,2018-12-25 13:26:35.223905,2.0
89703020207,2018-12-25 16:45:05.000000,2018-12-25 16:52:10.561212,3.0
89128902560,2019-01-07 03:04:30.000000,2019-01-07 03:16:21.716867,1.0
89927643310,2019-01-07 03:25:59.000000,2019-01-07 03:42:43.177100,
89642205801,2019-01-12 19:02:40.000000,2019-01-12 19:11:41.021644,
89703020207,2019-01-19 01:30:37.000000,2019-01-19 01:36:45.884410,
89128902560,2019-01-24 14:45:39.000000,2019-01-24 14:55:31.920706,
89927643310,2019-01-30 08:19:11.000000,2019-01-30 08:34:20.186186,
89703020207,2019-02-14 11:42:35.000000,2019-02-14 11:50:36.485721,
89128902560,2019-02-21 00:38:31.000000,2019-02-21 00:49:16.752870,
89927643310,2019-02-21 22:00:14.000000,2019-02-21 22:16:57.424875,
89703020207,2019-03-11 06:24:03.000000,2019-03-11 06:31:27.140811,
89927643310,2019-03-14 03:17:28.000000,2019-03-14 03:33:50.647353,2.0
89128902560,2019-03-20 05:05:48.000000,2019-03-20 05:17:20.744094,
89128902560,2019-04-06 09:37:00.000000,2019-04-06 09:47:05.121139,4.0
89927643310,2019-04-11 08:09:42.000000,2019-04-11 08:25:18.430740,3.0
89199953763,2019-04-12 23:16:13.000000,2019-04-12 23:21:11.064067,5.0
89199953763,2019-04-15 08:59:42.000000,2019-04-15 09:04:41.653506,2.0
89128902560,2019-05-02 04:56:20.000000,2019-05-02 05:06:37.205853,
89927643310,2019-05-09 22:54:10.000000,2019-05-09 23:09:29.789320,
89199953763,2019-05-12 23:14:10.000000,2019-05-12 23:19:42.049958,4.0
89128902560,2019-05-29 15:50:50.000000,2019-05-29 16:02:35.073694,
89927643310,2019-06-07 20:47:10.000000,2019-06-07 21:02:47.746201,
89128902560,2019-06-11 20:37:09.000000,2019-06-11 20:47:14.026368,
89927643310,2019-06-29 14:43:44.000000,2019-06-29 14:59:59.126850,
89927643310,2019-06-29 14:46:56.000000,2019-06-29 15:02:33.959478,
89927643310,2019-07-27 11:12:21.000000,2019-07-27 11:28:05.403481,
89927643310,2019-08-14 21:02:01.000000,2019-08-14 21:17:42.151063,3.0
89752961042,2019-08-15 12:45:13.000000,2019-08-15 12:57:27.409418,
89752961042,2019-08-17 19:18:38.000000,2019-08-17 19:28:56.308575,
89571582679,2019-08-25 02:59:25.000000,2019-08-25 03:11:06.245308,
89927643310,2019-09-10 05:37:11.000000,2019-09-10 05:52:15.343378,
89752961042,2019-09-15 12:11:21.000000,2019-09-15 12:25:02.745736,
89908244028,2019-10-02 01:55:59.000000,2019-10-02 02:08:33.841005,2.0
89752961042,2019-10-05 01:09:18.000000,2019-10-05 01:19:36.899233,
89908244028,2019-10-13 20:22:45.000000,2019-10-13 20:35:11.785861,
89752961042,2019-10-16 04:03:38.000000,2019-10-16 04:15:55.946482,2.0
89908244028,2019-10-25 10:21:38.000000,2019-10-25 10:33:45.951012,
89908244028,2019-11-02 05:57:59.000000,2019-11-02 06:09:33.896283,2.0
89301979815,2019-11-23 08:39:48.000000,2019-11-23 08:56:39.743277,
89301979815,2019-12-16 08:27:08.000000,2019-12-16 08:41:26.398085,
89301979815,2020-01-08 10:58:51.000000,2020-01-08 11:14:12.591733,
89301979815,2020-01-24 20:14:20.000000,2020-01-24 20:29:35.361957,1.0
89301979815,2020-02-09 11:38:30.000000,2020-02-09 11:52:06.450800,1.0
89301979815,2020-02-28 03:21:02.000000,2020-02-28 03:36:44.370132,
89301979815,2020-03-12 10:36:08.000000,2020-03-12 10:50:56.533155,
89001230451,2020-03-17 14:52:58.000000,2020-03-17 15:04:39.382689,
89301979815,2020-03-27 18:58:09.000000,2020-03-27 19:13:02.898229,
89042140781,2020-03-31 23:07:42.000000,2020-03-31 23:21:21.198266,
89001230451,2020-04-02 16:39:35.000000,2020-04-02 16:51:33.122962,3.0
89042140781,2020-04-09 08:03:54.000000,2020-04-09 08:18:48.498607,
89001230451,2020-04-16 14:14:38.000000,2020-04-16 14:27:19.974987,
89301979815,2020-04-21 12:55:39.000000,2020-04-21 13:11:33.918838,
89001230451,2020-04-23 05:28:57.000000,2020-04-23 05:41:59.371238,4.0
89042140781,2020-05-04 21:07:54.000000,2020-05-04 21:24:07.241898,
89001230451,2020-05-15 03:08:51.000000,2020-05-15 03:21:08.182633,3.0
89042140781,2020-05-15 18:56:59.000000,2020-05-15 19:12:41.225817,
89001230451,2020-05-15 19:44:53.000000,2020-05-15 19:57:45.739418,2.0
89301979815,2020-05-16 13:18:30.000000,2020-05-16 13:34:14.122935,
89042140781,2020-05-16 20:48:50.000000,2020-05-16 21:03:36.634077,3.0
89301979815,2020-05-17 07:02:14.000000,2020-05-17 07:17:20.158621,
89301979815,2020-05-30 17:38:41.000000,2020-05-30 17:53:45.187952,
89001230451,2020-06-01 04:48:16.000000,2020-06-01 04:59:53.970355,
89042140781,2020-06-04 19:38:16.000000,2020-06-04 19:54:09.686461,3.0
89001230451,2020-06-12 20:20:25.000000,2020-06-12 20:33:43.206949,
89001230451,2020-06-15 07:14:57.000000,2020-06-15 07:25:20.503505,3.0
89042140781,2020-06-15 20:39:32.000000,2020-06-15 20:53:40.013605,
89301979815,2020-06-18 16:32:32.000000,2020-06-18 16:46:51.705918,
89301979815,2020-06-27 16:07:40.000000,2020-06-27 16:23:27.109221,
89301979815,2020-06-28 03:18:46.000000,2020-06-28 03:34:23.301104,
89301979815,2020-07-03 18:57:56.000000,2020-07-03 19:12:35.318883,
89001230451,2020-07-12 13:34:59.000000,2020-07-12 13:47:15.301833,
89042140781,2020-07-14 18:42:27.000000,2020-07-14 18:56:24.624894,2.0
89301979815,2020-07-18 10:28:37.000000,2020-07-18 10:43:54.391169,
89001230451,2020-07-20 23:01:43.000000,2020-07-20 23:14:16.784695,
89001230451,2020-07-30 10:52:39.000000,2020-07-30 11:05:16.505306,3.0
89001230451,2020-08-01 20:08:43.000000,2020-08-01 20:21:03.045034,
89042140781,2020-08-04 17:43:20.000000,2020-08-04 17:59:32.536976,
89301979815,2020-08-06 13:59:16.000000,2020-08-06 14:15:15.364828,
89971521112,2020-08-14 01:15:09.000000,2020-08-14 01:25:47.202190,
89301979815,2020-08-19 19:53:00.000000,2020-08-19 20:10:01.473882,
89001230451,2020-08-20 22:21:57.000000,2020-08-20 22:34:21.690316,
89042140781,2020-08-22 20:00:29.000000,2020-08-22 20:15:33.117890,
89042140781,2020-08-24 01:47:56.000000,2020-08-24 02:02:02.059467,2.0
89001230451,2020-08-29 14:21:54.000000,2020-08-29 14:34:16.885013,
89971521112,2020-09-08 16:59:10.000000,2020-09-08 17:10:19.864117,4.0
89042140781,2020-09-09 03:46:36.000000,2020-09-09 04:02:23.631869,
89971521112,2020-09-16 00:25:25.000000,2020-09-16 00:37:00.196757,4.0
89971521112,2020-09-18 08:20:54.000000,2020-09-18 08:32:01.402145,
89042140781,2020-10-06 01:32:07.000000,2020-10-06 01:47:48.325231,
89971521112,2020-10-07 02:23:03.000000,2020-10-07 02:35:34.400918,4.0
89971521112,2020-10-21 00:27:07.000000,2020-10-21 00:37:30.633408,
89971521112,2020-11-01 17:24:51.000000,2020-11-01 17:35:08.345099,
89971521112,2020-11-15 12:56:47.000000,2020-11-15 13:09:48.178538,
89971521112,2020-11-24 00:10:24.000000,2020-11-24 00:21:06.506199,
89971521112,2020-11-27 10:41:41.000000,2020-11-27 10:52:00.206417,3.0
89971521112,2020-12-13 01:31:24.000000,2020-12-13 01:42:31.140206,
89105516364,2020-12-27 16:10:02.000000,2020-12-27 16:19:32.344967,
89829239414,2020-12-31 22:39:26.000000,2020-12-31 22:50:56.985740,2.0
89829239414,2021-01-02 23:10:51.000000,2021-01-02 23:22:16.040906,
89829239414,2021-01-09 04:57:48.000000,2021-01-09 05:09:01.754503,2.0
89105516364,2021-01-25 11:31:22.000000,2021-01-25 11:42:04.746270,
89263621548,2021-01-26 06:04:37.000000,2021-01-26 06:13:29.391262,5.0
89829239414,2021-01-30 05:34:27.000000,2021-01-30 05:46:23.096657,
89263621548,2021-02-01 16:05:54.000000,2021-02-01 16:15:47.203148,
89263621548,2021-02-09 16:40:30.000000,2021-02-09 16:50:56.895531,
89263621548,2021-02-12 14:23:01.000000,2021-02-12 14:32:51.496364,
89105516364,2021-02-15 07:39:08.000000,2021-02-15 07:50:20.997397,
89829239414,2021-02-19 03:47:08.000000,2021-02-19 03:58:50.013984,
89829239414,2021-02-20 13:51:35.000000,2021-02-20 14:03:23.058791,4.0
89105516364,2021-02-24 05:39:04.000000,2021-02-24 05:48:21.992673,
89105516364,2021-03-04 00:07:17.000000,2021-03-04 00:17:10.979726,
89263621548,2021-03-05 03:16:29.000000,2021-03-05 03:26:51.470120,3.0
89263621548,2021-03-06 08:35:38.000000,2021-03-06 08:44:33.564002,
89829239414,2021-03-07 18:52:26.000000,2021-03-07 19:04:48.072925,
89829239414,2021-03-11 03:07:19.000000,2021-03-11 03:18:15.625680,
89829239414,2021-03-11 22:24:20.000000,2021-03-11 22:36:09.455486,
89105516364,2021-03-14 08:20:12.000000,2021-03-14 08:30:45.377375,
89105516364,2021-03-14 08:40:53.000000,2021-03-14 08:50:56.404730,2.0
89829239414,2021-03-20 03:36:12.000000,2021-03-20 03:47:04.808991,
89829239414,2021-03-31 15:11:07.000000,2021-03-31 15:23:11.506698,2.0
89263621548,2021-04-03 00:36:06.000000,2021-04-03 00:45:44.610342,
89105516364,2021-04-03 06:25:34.000000,2021-04-03 06:35:39.752850,
89105516364,2021-04-07 06:27:25.000000,2021-04-07 06:37:45.589793,
89105516364,2021-04-08 10:11:56.000000,2021-04-08 10:23:25.047278,3.0
89829239414,2021-04-08 18:41:02.000000,2021-04-08 18:52:42.026900,3.0
89829239414,2021-04-08 23:33:19.000000,2021-04-08 23:45:50.318683,
89829239414,2021-04-16 12:16:51.000000,2021-04-16 12:28:41.826812,
89105516364,2021-04-21 17:10:33.000000,2021-04-21 17:20:44.727367,
89466961280,2021-04-23 09:38:51.000000,2021-04-23 09:52:55.099206,
89466961280,2021-04-24 07:17:47.000000,2021-04-24 07:32:04.562027,
89263621548,2021-04-28 17:43:32.000000,2021-04-28 17:51:40.790129,
89829239414,2021-04-28 19:11:27.000000,2021-04-28 19:21:21.306590,2.0
89105516364,2021-05-06 11:53:23.000000,2021-05-06 12:03:51.106810,3.0
89263621548,2021-05-20 01:22:38.000000,2021-05-20 01:32:03.814000,
89466961280,2021-05-22 22:40:58.000000,2021-05-22 22:55:18.060586,
89105516364,2021-06-01 15:46:47.000000,2021-06-01 15:57:05.844263,
89263621548,2021-06-13 15:39:31.000000,2021-06-13 15:48:38.564100,
89105516364,2021-06-30 10:05:41.000000,2021-06-30 10:15:11.441704,3.0
89263621548,2021-07-13 05:50:54.000000,2021-07-13 06:01:45.684809,
89105516364,2021-07-17 03:06:05.000000,2021-07-17 03:16:36.044488,3.0
89105516364,2021-07-18 14:21:58.000000,2021-07-18 14:31:21.786943,2.0
89208389501,2021-07-19 19:46:34.000000,2021-07-19 19:59:22.881540,
89263621548,2021-07-22 03:32:53.000000,2021-07-22 03:42:27.199228,5.0
89208389501,2021-07-26 21:53:40.000000,2021-07-26 22:06:21.212798,
89333195946,2021-07-30 16:14:18.000000,2021-07-30 16:25:37.991075,2.0
89105516364,2021-08-01 01:27:01.000000,2021-08-01 01:38:17.474754,
89208389501,2021-08-01 14:01:02.000000,2021-08-01 14:14:07.924945,3.0
89263621548,2021-08-05 09:20:22.000000,2021-08-05 09:29:04.950812,2.0
89333195946,2021-08-07 17:48:12.000000,2021-08-07 18:01:00.621795,2.0
89208389501,2021-08-08 16:13:15.000000,2021-08-08 16:27:07.332236,
89263621548,2021-08-10 22:32:14.000000,2021-08-10 22:41:18.397263,
89208389501,2021-08-20 19:06:25.000000,2021-08-20 19:21:14.417751,
89263621548,2021-09-03 02:15:47.000000,2021-09-03 02:25:55.401826,4.0
89333195946,2021-09-05 21:12:03.000000,2021-09-05 21:21:50.753022,
89333195946,2021-09-09 19:25:52.000000,2021-09-09 19:37:25.982886,
89208389501,2021-09-13 18:58:54.000000,2021-09-13 19:11:40.127438,
89333195946,2021-09-19 06:24:04.000000,2021-09-19 06:34:58.219620,
89263621548,2021-09-28 03:08:40.000000,2021-09-28 03:18:18.986921,
89263621548,2021-10-09 11:57:57.000000,2021-10-09 12:05:57.315699,
89333195946,2021-10-16 09:23:54.000000,2021-10-16 09:34:18.829190,
89263621548,2021-10-18 16:30:43.000000,2021-10-18 16:41:42.088451,
89333195946,2021-10-20 05:54:39.000000,2021-10-20 06:04:21.939582,
89070869889,2021-10-21 08:42:43.000000,2021-10-21 08:52:23.333644,3.0
89263621548,2021-11-11 08:42:53.000000,2021-11-11 08:51:35.039766,3.0
89333195946,2021-11-11 10:27:33.000000,2021-11-11 10:38:15.325888,
89070869889,2021-11-18 20:31:26.000000,2021-11-18 20:42:00.158812,
89263621548,2021-11-23 04:33:11.000000,2021-11-23 04:43:35.721753,2.0
89070869889,2021-11-24 04:58:45.000000,2021-11-24 05:09:42.360473,
89333195946,2021-12-09 15:16:35.000000,2021-12-09 15:27:51.755939,
89070869889,2021-12-14 14:35:34.000000,2021-12-14 14:47:14.976683,3.0
89545013182,2021-12-17 16:32:02.000000,2021-12-17 16:41:17.691211,
89070869889,2022-01-05 08:57:16.000000,2022-01-05 09:08:45.159810,
89545013182,2022-01-09 07:46:35.000000,2022-01-09 07:57:24.583419,
89545013182,2022-01-11 22:54:22.000000,2022-01-11 23:04:36.235794,
89070869889,2022-01-23 17:32:00.000000,2022-01-23 17:43:09.858335,
89070869889,2022-01-27 08:43:56.000000,2022-01-27 08:54:38.557045,
89545013182,2022-01-29 04:59:47.000000,2022-01-29 05:09:00.688631,
89070869889,2022-02-17 16:17:52.000000,2022-02-17 16:28:26.160300,1.0
89070869889,2022-02-21 19:25:22.000000,2022-02-21 19:35:28.441188,
89070869889,2022-03-20 17:22:42.000000,2022-03-20 17:32:01.251905,
89070869889,2022-04-15 08:37:07.000000,2022-04-15 08:48:10.747038,
89070869889,2022-04-16 20:33:12.000000,2022-04-16 20:43:54.281221,
